Date,Field,Well,Daily_Production_bbl,Downtime_hours,OPEX_USD,CAPEX_USD
01/01/2023,Field_1,Well_7,4900,23,4496,13044
02/01/2023,Field_1,Well_20,1235,20,2813,13169
03/01/2023,Field_1,Well_15,4068,1,7256,13742
04/01/2023,Field_1,Well_11,3838,10,3313,10720
05/01/2023,Field_1,Well_8,3515,5,2231,14133
06/01/2023,Field_1,Well_7,3389,7,6831,19591
07/01/2023,Field_1,Well_19,1461,3,3999,5727
08/01/2023,Field_1,Well_11,3489,17,4440,9975
09/01/2023,Field_1,Well_11,4348,10,5056,16054
10/01/2023,Field_1,Well_4,1526,4,1305,8243
11/01/2023,Field_1,Well_8,4365,14,2689,5648
12/01/2023,Field_1,Well_3,3363,17,4917,10095
13/01/2023,Field_1,Well_2,3001,1,8080,18809
14/01/2023,Field_1,Well_12,2447,21,9611,11614
15/01/2023,Field_1,Well_6,1677,10,3936,15929
16/01/2023,Field_1,Well_2,511,12,4862,18900
17/01/2023,Field_1,Well_1,4899,3,6649,15939
18/01/2023,Field_1,Well_12,3864,21,4261,19842
19/01/2023,Field_1,Well_12,3522,6,2819,12135
20/01/2023,Field_1,Well_17,3871,10,2342,6009
21/01/2023,Field_1,Well_10,3330,21,6560,6550
22/01/2023,Field_1,Well_16,542,23,3226,13995
23/01/2023,Field_1,Well_15,1443,3,2079,17272
24/01/2023,Field_1,Well_15,2890,14,5206,12492
25/01/2023,Field_1,Well_19,3045,0,7280,17501
26/01/2023,Field_1,Well_12,2911,22,8235,17456
27/01/2023,Field_1,Well_20,1504,2,1813,8401
28/01/2023,Field_1,Well_3,520,13,6089,12447
29/01/2023,Field_1,Well_5,906,5,3031,18265
30/01/2023,Field_1,Well_19,1514,17,9514,10424
31/01/2023,Field_1,Well_7,4931,0,6911,9241
01/02/2023,Field_1,Well_9,2338,5,3653,19086
02/02/2023,Field_1,Well_7,3688,5,4340,17803
03/02/2023,Field_1,Well_18,1214,20,8876,8161
04/02/2023,Field_1,Well_4,4646,15,2141,17740
05/02/2023,Field_1,Well_14,4354,4,9558,9155
06/02/2023,Field_1,Well_18,4919,16,3897,12478
07/02/2023,Field_1,Well_9,640,9,5041,13719
08/02/2023,Field_1,Well_2,1463,20,3038,16490
09/02/2023,Field_1,Well_20,872,17,5270,14215
10/02/2023,Field_1,Well_15,4135,6,5683,11617
11/02/2023,Field_1,Well_7,3041,2,1494,10660
12/02/2023,Field_1,Well_12,4110,12,8116,16926
13/02/2023,Field_1,Well_8,2192,14,2784,18390
14/02/2023,Field_1,Well_15,605,19,4510,13624
15/02/2023,Field_1,Well_3,2181,18,4786,6176
16/02/2023,Field_1,Well_14,4597,2,6266,12956
17/02/2023,Field_1,Well_17,4516,3,6428,13592
18/02/2023,Field_1,Well_4,3136,4,7681,15296
19/02/2023,Field_1,Well_18,2637,0,7893,16242
20/02/2023,Field_1,Well_8,3916,3,5658,7233
21/02/2023,Field_1,Well_4,4945,11,8082,15637
22/02/2023,Field_1,Well_2,4030,23,7869,9700
23/02/2023,Field_1,Well_6,1786,9,8607,16027
24/02/2023,Field_1,Well_10,3679,22,8669,19493
25/02/2023,Field_1,Well_4,4154,20,7219,10906
26/02/2023,Field_1,Well_18,2859,19,5534,12860
27/02/2023,Field_1,Well_12,944,23,6979,12526
28/02/2023,Field_1,Well_2,535,12,9890,10559
01/03/2023,Field_1,Well_10,1975,22,2312,11732
02/03/2023,Field_1,Well_4,4457,13,3962,7513
03/03/2023,Field_1,Well_14,2298,22,3938,12830
04/03/2023,Field_1,Well_16,2345,4,4197,19781
05/03/2023,Field_1,Well_15,1908,3,6296,14965
06/03/2023,Field_1,Well_8,2208,13,8204,11944
07/03/2023,Field_1,Well_14,3438,9,6730,12910
08/03/2023,Field_1,Well_8,1800,16,1126,10649
09/03/2023,Field_1,Well_16,1743,9,6602,6096
10/03/2023,Field_1,Well_13,4476,6,2191,14120
11/03/2023,Field_1,Well_18,3597,15,3639,6951
12/03/2023,Field_1,Well_15,509,0,2366,15165
13/03/2023,Field_1,Well_13,2925,16,7453,19352
14/03/2023,Field_1,Well_9,2160,20,7671,14746
15/03/2023,Field_1,Well_15,3131,8,7683,15970
16/03/2023,Field_1,Well_13,1572,5,5539,17613
17/03/2023,Field_1,Well_1,3725,18,9876,14186
18/03/2023,Field_1,Well_7,1816,12,3887,12799
19/03/2023,Field_1,Well_9,4645,2,5086,13804
20/03/2023,Field_1,Well_1,4183,6,3261,15785
21/03/2023,Field_1,Well_12,3773,21,5180,5595
22/03/2023,Field_1,Well_8,645,8,3841,18208
23/03/2023,Field_1,Well_11,3540,21,7040,12875
24/03/2023,Field_1,Well_19,1962,4,4560,14033
25/03/2023,Field_1,Well_17,2084,9,5758,18513
26/03/2023,Field_1,Well_8,982,22,1626,9439
27/03/2023,Field_1,Well_3,3679,16,6014,10972
28/03/2023,Field_1,Well_3,1749,11,2375,5858
29/03/2023,Field_1,Well_1,1130,22,2181,10519
30/03/2023,Field_1,Well_5,1161,15,6708,12385
31/03/2023,Field_1,Well_10,4003,2,1490,13636
01/04/2023,Field_1,Well_7,3352,21,4729,14980
02/04/2023,Field_1,Well_9,2966,8,6974,9317
03/04/2023,Field_1,Well_7,1487,14,4534,8454
04/04/2023,Field_1,Well_9,2046,4,4296,17144
05/04/2023,Field_1,Well_8,1149,22,2940,17879
06/04/2023,Field_1,Well_12,1468,12,6014,6030
07/04/2023,Field_1,Well_2,3137,13,2882,14487
08/04/2023,Field_1,Well_1,1600,19,5908,12906
09/04/2023,Field_1,Well_16,940,14,3987,18305
10/04/2023,Field_1,Well_5,1269,15,6585,15255
11/04/2023,Field_1,Well_3,1843,22,4159,6447
12/04/2023,Field_1,Well_12,4858,12,5530,15237
13/04/2023,Field_1,Well_8,4229,16,1681,17811
14/04/2023,Field_1,Well_3,4406,22,6254,7850
15/04/2023,Field_1,Well_1,2077,7,2073,17016
16/04/2023,Field_1,Well_3,4508,20,3387,15260
17/04/2023,Field_1,Well_5,3851,1,3693,16953
18/04/2023,Field_1,Well_15,2849,4,5340,13106
19/04/2023,Field_1,Well_14,4102,5,3156,15467
20/04/2023,Field_1,Well_3,1741,11,8966,12151
21/04/2023,Field_1,Well_1,1625,17,3580,15000
22/04/2023,Field_1,Well_5,3101,21,8257,14503
23/04/2023,Field_1,Well_14,1690,21,3159,11952
24/04/2023,Field_1,Well_7,4631,0,7772,9055
25/04/2023,Field_1,Well_9,4948,16,2627,10402
26/04/2023,Field_1,Well_15,572,10,9219,15643
27/04/2023,Field_1,Well_15,2414,9,8080,14281
28/04/2023,Field_1,Well_10,2972,18,2985,6672
29/04/2023,Field_1,Well_13,3546,13,9488,16867
30/04/2023,Field_1,Well_19,1207,9,3181,9532
01/05/2023,Field_1,Well_7,2304,14,3296,9924
02/05/2023,Field_1,Well_17,4213,18,8164,17546
03/05/2023,Field_1,Well_20,3064,3,3597,15195
04/05/2023,Field_1,Well_4,2975,1,1901,11085
05/05/2023,Field_1,Well_5,4110,8,7060,17390
06/05/2023,Field_1,Well_7,4755,9,2677,18280
07/05/2023,Field_1,Well_13,3323,10,3881,12734
08/05/2023,Field_1,Well_15,2235,13,6622,9864
09/05/2023,Field_1,Well_11,2085,6,9052,14316
10/05/2023,Field_1,Well_4,566,22,2378,6221
11/05/2023,Field_1,Well_13,3561,14,2248,7860
12/05/2023,Field_1,Well_7,2928,21,6650,15465
13/05/2023,Field_1,Well_19,4653,18,7079,16182
14/05/2023,Field_1,Well_2,841,21,8036,15702
15/05/2023,Field_1,Well_10,3274,14,7487,13428
16/05/2023,Field_1,Well_13,3317,23,2058,14336
17/05/2023,Field_1,Well_6,3161,7,3048,19841
18/05/2023,Field_1,Well_12,1732,10,7115,8253
19/05/2023,Field_1,Well_12,4374,8,5248,8782
20/05/2023,Field_1,Well_20,2901,14,3476,11957
21/05/2023,Field_1,Well_11,1994,0,5603,5766
22/05/2023,Field_1,Well_7,4711,0,4553,7681
23/05/2023,Field_1,Well_1,1161,18,1220,12710
24/05/2023,Field_1,Well_1,4383,2,5818,12482
25/05/2023,Field_1,Well_20,4119,9,8192,10086
26/05/2023,Field_1,Well_13,2368,7,5623,12964
27/05/2023,Field_1,Well_9,2834,14,8349,7665
28/05/2023,Field_1,Well_3,3874,9,6618,14951
29/05/2023,Field_1,Well_7,1516,0,8209,19608
30/05/2023,Field_1,Well_6,4906,17,5576,19567
31/05/2023,Field_1,Well_8,707,1,2871,16683
01/06/2023,Field_1,Well_9,3165,18,8915,16007
02/06/2023,Field_1,Well_5,2993,12,2462,8513
03/06/2023,Field_1,Well_1,1132,21,6521,5495
04/06/2023,Field_1,Well_19,2602,0,9536,18335
05/06/2023,Field_1,Well_10,3459,1,9236,16372
06/06/2023,Field_1,Well_12,3583,15,8813,10822
07/06/2023,Field_1,Well_15,2431,14,3068,19837
08/06/2023,Field_1,Well_9,4219,12,6753,17122
09/06/2023,Field_1,Well_20,3062,15,8237,7072
10/06/2023,Field_1,Well_17,2179,16,8016,19623
11/06/2023,Field_1,Well_17,736,20,7191,12795
12/06/2023,Field_1,Well_20,4943,6,2514,13529
13/06/2023,Field_1,Well_12,2040,23,3598,8949
14/06/2023,Field_1,Well_7,4443,16,2001,11033
15/06/2023,Field_1,Well_2,863,6,2033,16300
16/06/2023,Field_1,Well_3,2868,12,7899,15009
17/06/2023,Field_1,Well_17,785,4,9465,13328
18/06/2023,Field_1,Well_5,648,16,6051,7555
19/06/2023,Field_1,Well_17,4537,2,5476,11370
20/06/2023,Field_1,Well_17,2266,6,1478,9415
21/06/2023,Field_1,Well_17,1512,16,1515,10959
22/06/2023,Field_1,Well_2,3331,6,2191,14107
23/06/2023,Field_1,Well_2,3007,20,7297,18493
24/06/2023,Field_1,Well_5,2023,0,1271,10993
25/06/2023,Field_1,Well_1,3285,16,9334,19421
26/06/2023,Field_1,Well_1,3056,16,8778,16730
27/06/2023,Field_1,Well_19,4225,10,7008,10021
28/06/2023,Field_1,Well_2,2101,2,8987,15292
29/06/2023,Field_1,Well_12,2908,14,4332,7907
30/06/2023,Field_1,Well_6,840,20,1787,7914
01/07/2023,Field_1,Well_4,3317,10,7222,18546
02/07/2023,Field_1,Well_11,2996,15,1622,15174
03/07/2023,Field_1,Well_17,2225,21,4841,8870
04/07/2023,Field_1,Well_6,2189,8,4676,17720
05/07/2023,Field_1,Well_5,3767,23,3572,16759
06/07/2023,Field_1,Well_20,4906,23,7915,14190
07/07/2023,Field_1,Well_2,761,0,6033,15339
08/07/2023,Field_1,Well_6,1942,21,8788,10085
09/07/2023,Field_1,Well_11,905,15,6214,17886
10/07/2023,Field_1,Well_16,2690,8,5712,11546
11/07/2023,Field_1,Well_16,4937,18,1066,5395
12/07/2023,Field_1,Well_1,743,11,8533,16790
13/07/2023,Field_1,Well_9,4607,18,5616,17702
14/07/2023,Field_1,Well_6,1060,21,2140,5938
15/07/2023,Field_1,Well_16,4637,8,6730,14828
16/07/2023,Field_1,Well_3,3225,6,8465,15916
17/07/2023,Field_1,Well_20,1093,13,5471,7510
18/07/2023,Field_1,Well_4,2326,18,4339,9636
19/07/2023,Field_1,Well_19,3729,18,1548,6649
20/07/2023,Field_1,Well_3,3787,1,8675,8690
21/07/2023,Field_1,Well_19,4573,8,9264,19233
22/07/2023,Field_1,Well_20,633,12,1198,8435
23/07/2023,Field_1,Well_7,3638,14,1571,8201
24/07/2023,Field_1,Well_20,4419,2,1790,9179
25/07/2023,Field_1,Well_9,572,10,2174,17558
26/07/2023,Field_1,Well_1,4994,20,1178,15483
27/07/2023,Field_1,Well_8,4725,13,3244,17675
28/07/2023,Field_1,Well_7,3478,7,5086,13405
29/07/2023,Field_1,Well_18,4861,17,1734,8237
30/07/2023,Field_1,Well_8,2485,18,7232,8862
31/07/2023,Field_1,Well_1,1292,15,1798,5058
01/08/2023,Field_1,Well_11,4759,1,8601,18913
02/08/2023,Field_1,Well_18,594,7,9979,16122
03/08/2023,Field_1,Well_10,1633,21,3795,9938
04/08/2023,Field_1,Well_3,737,5,5588,7971
05/08/2023,Field_1,Well_7,3446,11,8297,14719
06/08/2023,Field_1,Well_16,3030,14,4084,19017
07/08/2023,Field_1,Well_16,2460,7,1731,13314
08/08/2023,Field_1,Well_20,1548,3,2129,16911
09/08/2023,Field_1,Well_17,3029,14,2605,14628
10/08/2023,Field_1,Well_2,3464,19,3933,14354
11/08/2023,Field_1,Well_1,1463,16,9516,16492
12/08/2023,Field_1,Well_16,1036,12,6074,8345
13/08/2023,Field_1,Well_12,4723,17,8099,7486
14/08/2023,Field_1,Well_5,4179,1,2490,5561
15/08/2023,Field_1,Well_5,4687,12,1893,8981
16/08/2023,Field_1,Well_9,4224,12,2390,11261
17/08/2023,Field_1,Well_9,1042,21,4389,6737
18/08/2023,Field_1,Well_3,1345,14,5239,14096
19/08/2023,Field_1,Well_19,4103,19,5479,8554
20/08/2023,Field_1,Well_16,3536,9,3263,17682
21/08/2023,Field_1,Well_16,2994,2,4432,14918
22/08/2023,Field_1,Well_3,4985,18,3371,16115
23/08/2023,Field_1,Well_20,3219,2,5312,16723
24/08/2023,Field_1,Well_1,2384,21,2515,17098
25/08/2023,Field_1,Well_20,4638,13,7326,19004
26/08/2023,Field_1,Well_11,4849,7,8088,14126
27/08/2023,Field_1,Well_17,3701,22,6586,18389
28/08/2023,Field_1,Well_8,3210,3,3917,12095
29/08/2023,Field_1,Well_4,2453,19,6731,18723
30/08/2023,Field_1,Well_6,4350,10,8686,13266
31/08/2023,Field_1,Well_8,1189,10,2167,5294
01/09/2023,Field_1,Well_20,2450,10,9302,13212
02/09/2023,Field_1,Well_3,956,1,6109,16434
03/09/2023,Field_1,Well_16,2630,16,5327,14230
04/09/2023,Field_1,Well_3,4476,8,6810,10330
05/09/2023,Field_1,Well_18,4744,1,4655,9655
06/09/2023,Field_1,Well_14,1679,23,4793,6109
07/09/2023,Field_1,Well_18,4785,14,7738,18460
08/09/2023,Field_1,Well_2,4065,15,2577,8771
09/09/2023,Field_1,Well_3,1382,3,3220,13563
10/09/2023,Field_1,Well_16,899,7,2030,11123
11/09/2023,Field_1,Well_9,1108,8,7691,12647
12/09/2023,Field_1,Well_4,2138,4,4992,18105
13/09/2023,Field_1,Well_1,2648,15,1913,6174
14/09/2023,Field_1,Well_4,1882,12,7358,6164
15/09/2023,Field_1,Well_1,1903,6,3181,14284
16/09/2023,Field_1,Well_14,1319,19,4197,14475
17/09/2023,Field_1,Well_16,3792,16,7040,15203
18/09/2023,Field_1,Well_20,1319,2,2462,14037
19/09/2023,Field_1,Well_8,919,4,8037,15183
20/09/2023,Field_1,Well_7,4719,18,5994,13712
21/09/2023,Field_1,Well_3,3802,11,6308,9466
22/09/2023,Field_1,Well_17,2008,6,7221,10538
23/09/2023,Field_1,Well_1,1267,8,8090,17388
24/09/2023,Field_1,Well_16,2544,5,8769,17948
25/09/2023,Field_1,Well_12,2639,16,1687,18969
26/09/2023,Field_1,Well_19,3529,15,5661,12111
27/09/2023,Field_1,Well_14,2049,22,2894,13434
28/09/2023,Field_1,Well_6,2264,2,8389,7800
29/09/2023,Field_1,Well_6,3145,20,5922,9607
30/09/2023,Field_1,Well_13,4216,3,7322,16088
01/10/2023,Field_1,Well_19,4981,9,4183,15794
02/10/2023,Field_1,Well_8,2793,4,4797,12262
03/10/2023,Field_1,Well_2,3208,20,6178,15465
04/10/2023,Field_1,Well_1,1400,21,4968,6541
05/10/2023,Field_1,Well_15,3584,9,3716,19549
06/10/2023,Field_1,Well_1,2509,11,1190,7765
07/10/2023,Field_1,Well_5,741,9,2335,15306
08/10/2023,Field_1,Well_16,2885,12,9181,9491
09/10/2023,Field_1,Well_19,4768,10,1378,17899
10/10/2023,Field_1,Well_4,1171,21,4829,8083
11/10/2023,Field_1,Well_3,663,15,7380,10356
12/10/2023,Field_1,Well_17,964,7,1615,6857
13/10/2023,Field_1,Well_17,3542,7,3330,5769
14/10/2023,Field_1,Well_12,2942,7,2754,6422
15/10/2023,Field_1,Well_14,2855,12,1463,13598
16/10/2023,Field_1,Well_6,4778,1,5267,7972
17/10/2023,Field_1,Well_3,3057,11,4158,6872
18/10/2023,Field_1,Well_9,1045,9,4624,10599
19/10/2023,Field_1,Well_5,4335,11,5938,15886
20/10/2023,Field_1,Well_17,1093,10,6417,7269
21/10/2023,Field_1,Well_14,4304,14,7004,10275
22/10/2023,Field_1,Well_3,1959,15,9881,9749
23/10/2023,Field_1,Well_1,3993,16,6603,11571
24/10/2023,Field_1,Well_20,3101,1,3212,14373
25/10/2023,Field_1,Well_1,2944,17,7120,10072
26/10/2023,Field_1,Well_3,3172,11,6818,14631
27/10/2023,Field_1,Well_18,4700,18,1382,16245
28/10/2023,Field_1,Well_10,516,22,3256,19706
29/10/2023,Field_1,Well_3,3691,17,2412,10463
30/10/2023,Field_1,Well_8,892,16,7146,16525
31/10/2023,Field_1,Well_14,924,5,1371,12450
01/11/2023,Field_1,Well_18,1071,14,6806,16089
02/11/2023,Field_1,Well_15,4131,2,6565,16095
03/11/2023,Field_1,Well_2,1620,5,9802,13420
04/11/2023,Field_1,Well_10,741,2,9307,8959
05/11/2023,Field_1,Well_2,4397,0,8437,19615
06/11/2023,Field_1,Well_17,4595,12,1446,15085
07/11/2023,Field_1,Well_8,2779,20,2391,6313
08/11/2023,Field_1,Well_1,1288,13,2340,12847
09/11/2023,Field_1,Well_9,1214,12,3939,6070
10/11/2023,Field_1,Well_11,3349,3,6969,14166
11/11/2023,Field_1,Well_16,1275,6,5813,14930
12/11/2023,Field_1,Well_7,4526,21,4569,8285
13/11/2023,Field_1,Well_10,2747,9,6454,13949
14/11/2023,Field_1,Well_3,578,6,4150,8095
15/11/2023,Field_1,Well_18,4426,20,7414,5320
16/11/2023,Field_1,Well_13,1355,14,5657,7321
17/11/2023,Field_1,Well_7,2648,14,7947,5555
18/11/2023,Field_1,Well_4,1531,3,8943,9939
19/11/2023,Field_1,Well_13,3771,22,4662,10432
20/11/2023,Field_1,Well_20,4076,22,5482,6386
21/11/2023,Field_1,Well_1,4682,5,5797,9763
22/11/2023,Field_1,Well_8,3956,23,6068,16239
23/11/2023,Field_1,Well_14,4006,19,6480,15619
24/11/2023,Field_1,Well_16,907,4,9033,11854
25/11/2023,Field_1,Well_14,3211,19,1983,19230
26/11/2023,Field_1,Well_12,3588,11,6607,15196
27/11/2023,Field_1,Well_19,2168,0,9543,15122
28/11/2023,Field_1,Well_15,647,7,2907,12637
29/11/2023,Field_1,Well_2,4827,0,7924,9841
30/11/2023,Field_1,Well_2,4397,4,9737,17962
01/12/2023,Field_1,Well_19,2450,21,5174,15355
02/12/2023,Field_1,Well_17,865,5,8265,19940
03/12/2023,Field_1,Well_20,2174,20,2990,18353
04/12/2023,Field_1,Well_10,4994,2,6596,8867
05/12/2023,Field_1,Well_6,3046,14,4998,15618
06/12/2023,Field_1,Well_15,1062,4,4775,8793
07/12/2023,Field_1,Well_11,4062,23,5645,12373
08/12/2023,Field_1,Well_5,2989,13,3061,7513
09/12/2023,Field_1,Well_1,1272,17,5487,8803
10/12/2023,Field_1,Well_8,2537,15,5435,7327
11/12/2023,Field_1,Well_12,3923,5,3644,13809
12/12/2023,Field_1,Well_12,3067,23,2045,7165
13/12/2023,Field_1,Well_5,2073,13,8951,8308
14/12/2023,Field_1,Well_7,4194,23,7449,11452
15/12/2023,Field_1,Well_4,3791,7,3681,13067
16/12/2023,Field_1,Well_6,1746,6,4199,12642
17/12/2023,Field_1,Well_13,4219,7,7768,19435
18/12/2023,Field_1,Well_20,4339,12,8440,11404
19/12/2023,Field_1,Well_15,859,5,9633,5992
20/12/2023,Field_1,Well_3,2876,17,3550,10424
21/12/2023,Field_1,Well_8,3509,1,5225,14569
22/12/2023,Field_1,Well_20,3493,7,1596,9381
23/12/2023,Field_1,Well_16,1462,10,7054,19663
24/12/2023,Field_1,Well_13,4132,0,2505,8174
25/12/2023,Field_1,Well_18,2327,21,7468,19398
26/12/2023,Field_1,Well_10,2113,5,8236,9782
27/12/2023,Field_1,Well_19,2140,15,2551,14497
28/12/2023,Field_1,Well_17,2716,19,7852,10560
29/12/2023,Field_1,Well_19,4812,11,2449,12460
30/12/2023,Field_1,Well_5,877,10,6953,18025
31/12/2023,Field_1,Well_9,4714,9,9456,8078
01/01/2023,Field_2,Well_12,4785,2,9042,15878
02/01/2023,Field_2,Well_1,869,12,3659,7983
03/01/2023,Field_2,Well_1,2696,2,8509,12259
04/01/2023,Field_2,Well_15,4247,14,8893,11054
05/01/2023,Field_2,Well_2,1151,15,8445,19182
06/01/2023,Field_2,Well_16,1269,12,3721,7523
07/01/2023,Field_2,Well_8,2921,16,3925,16774
08/01/2023,Field_2,Well_13,1280,2,8104,14677
09/01/2023,Field_2,Well_1,2216,19,7240,15292
10/01/2023,Field_2,Well_16,4483,10,1512,9581
11/01/2023,Field_2,Well_7,1811,20,1215,16907
12/01/2023,Field_2,Well_5,3859,18,8299,10609
13/01/2023,Field_2,Well_3,1022,21,4153,7001
14/01/2023,Field_2,Well_12,1021,10,8450,6387
15/01/2023,Field_2,Well_16,2820,15,2706,16375
16/01/2023,Field_2,Well_19,1435,20,2567,11552
17/01/2023,Field_2,Well_5,2730,2,2128,6030
18/01/2023,Field_2,Well_14,4540,21,4510,14957
19/01/2023,Field_2,Well_5,4197,5,8867,17955
20/01/2023,Field_2,Well_15,3337,13,3365,6220
21/01/2023,Field_2,Well_17,4583,23,6583,18122
22/01/2023,Field_2,Well_14,2961,17,5897,18163
23/01/2023,Field_2,Well_20,3743,16,6718,16998
24/01/2023,Field_2,Well_5,3859,3,7001,15606
25/01/2023,Field_2,Well_12,1185,22,5567,18289
26/01/2023,Field_2,Well_16,2660,14,3741,17537
27/01/2023,Field_2,Well_16,4488,10,4020,11035
28/01/2023,Field_2,Well_7,4566,2,7256,14810
29/01/2023,Field_2,Well_4,2067,2,1228,14455
30/01/2023,Field_2,Well_1,538,15,9362,11523
31/01/2023,Field_2,Well_5,3044,4,1294,13074
01/02/2023,Field_2,Well_10,1756,20,5284,14063
02/02/2023,Field_2,Well_5,3490,9,9617,5834
03/02/2023,Field_2,Well_4,2696,18,7801,16014
04/02/2023,Field_2,Well_2,3968,3,1918,14110
05/02/2023,Field_2,Well_20,3208,18,1498,6724
06/02/2023,Field_2,Well_10,801,10,3809,11598
07/02/2023,Field_2,Well_19,1146,1,5961,7413
08/02/2023,Field_2,Well_1,2259,9,4779,14505
09/02/2023,Field_2,Well_5,4851,10,3118,10993
10/02/2023,Field_2,Well_13,1097,19,7391,9498
11/02/2023,Field_2,Well_4,1161,15,1145,7105
12/02/2023,Field_2,Well_16,4830,18,8942,7568
13/02/2023,Field_2,Well_16,1868,22,5565,18615
14/02/2023,Field_2,Well_2,3081,23,1192,14330
15/02/2023,Field_2,Well_17,4368,10,6187,5209
16/02/2023,Field_2,Well_20,4037,13,7637,14256
17/02/2023,Field_2,Well_12,4808,1,9243,9911
18/02/2023,Field_2,Well_18,782,22,3410,7220
19/02/2023,Field_2,Well_3,4178,4,2820,5233
20/02/2023,Field_2,Well_1,1986,4,3964,5792
21/02/2023,Field_2,Well_1,4582,18,3521,19195
22/02/2023,Field_2,Well_19,4683,20,3568,18901
23/02/2023,Field_2,Well_11,960,11,6882,8110
24/02/2023,Field_2,Well_5,2825,17,2867,7166
25/02/2023,Field_2,Well_12,4254,3,8465,13526
26/02/2023,Field_2,Well_3,2968,21,8602,14551
27/02/2023,Field_2,Well_1,2224,16,4199,18927
28/02/2023,Field_2,Well_1,1876,9,7103,10193
01/03/2023,Field_2,Well_8,3243,19,1240,6214
02/03/2023,Field_2,Well_10,1014,5,4440,9419
03/03/2023,Field_2,Well_11,1202,13,5631,12314
04/03/2023,Field_2,Well_12,2153,10,9274,19078
05/03/2023,Field_2,Well_13,2566,10,6077,13475
06/03/2023,Field_2,Well_12,522,17,4768,5212
07/03/2023,Field_2,Well_14,2960,22,8995,6658
08/03/2023,Field_2,Well_2,1804,21,9802,17270
09/03/2023,Field_2,Well_19,3800,17,7429,19029
10/03/2023,Field_2,Well_18,861,23,4605,10024
11/03/2023,Field_2,Well_3,4227,22,3173,18039
12/03/2023,Field_2,Well_17,1784,10,7568,14609
13/03/2023,Field_2,Well_8,1014,20,3601,15578
14/03/2023,Field_2,Well_10,948,11,3657,10917
15/03/2023,Field_2,Well_2,2355,4,7080,10141
16/03/2023,Field_2,Well_19,4062,22,8325,6794
17/03/2023,Field_2,Well_9,3020,8,3159,10988
18/03/2023,Field_2,Well_7,3581,8,4830,13296
19/03/2023,Field_2,Well_4,1928,21,9313,18777
20/03/2023,Field_2,Well_18,4467,9,5368,10578
21/03/2023,Field_2,Well_13,1422,21,2317,10551
22/03/2023,Field_2,Well_11,3637,18,5493,18057
23/03/2023,Field_2,Well_4,2659,0,2230,17085
24/03/2023,Field_2,Well_4,3047,6,2133,8845
25/03/2023,Field_2,Well_10,3479,3,8607,16882
26/03/2023,Field_2,Well_5,2781,0,2301,11906
27/03/2023,Field_2,Well_9,3149,14,2910,19247
28/03/2023,Field_2,Well_3,813,7,9082,19315
29/03/2023,Field_2,Well_17,3113,11,9107,16484
30/03/2023,Field_2,Well_3,3583,21,8970,5378
31/03/2023,Field_2,Well_16,2756,21,2916,8293
01/04/2023,Field_2,Well_4,1537,17,7996,8329
02/04/2023,Field_2,Well_18,3989,14,3757,9808
03/04/2023,Field_2,Well_17,3134,16,7464,16630
04/04/2023,Field_2,Well_7,4483,13,1178,12937
05/04/2023,Field_2,Well_5,2278,13,7362,18660
06/04/2023,Field_2,Well_12,4395,17,9683,5224
07/04/2023,Field_2,Well_17,1624,19,1060,19025
08/04/2023,Field_2,Well_13,1197,17,7681,5737
09/04/2023,Field_2,Well_3,2679,15,3895,5235
10/04/2023,Field_2,Well_9,1904,0,1585,17470
11/04/2023,Field_2,Well_17,1543,22,6823,5711
12/04/2023,Field_2,Well_17,2429,10,1534,10988
13/04/2023,Field_2,Well_20,1513,14,4462,19779
14/04/2023,Field_2,Well_16,726,11,5011,6888
15/04/2023,Field_2,Well_13,2328,7,4398,17910
16/04/2023,Field_2,Well_19,2523,21,3155,12173
17/04/2023,Field_2,Well_17,2952,19,6966,6259
18/04/2023,Field_2,Well_4,2585,5,8329,10246
19/04/2023,Field_2,Well_12,4783,2,7957,12271
20/04/2023,Field_2,Well_9,1580,23,6325,5748
21/04/2023,Field_2,Well_19,2820,12,9518,17178
22/04/2023,Field_2,Well_12,3690,12,5703,8551
23/04/2023,Field_2,Well_9,3130,1,3706,19490
24/04/2023,Field_2,Well_7,3063,4,1001,11400
25/04/2023,Field_2,Well_14,3792,16,9316,19570
26/04/2023,Field_2,Well_20,4086,5,2104,11643
27/04/2023,Field_2,Well_19,4931,1,2861,19624
28/04/2023,Field_2,Well_15,3447,3,6269,13701
29/04/2023,Field_2,Well_16,4459,21,7943,18863
30/04/2023,Field_2,Well_5,3313,10,9320,6823
01/05/2023,Field_2,Well_3,3083,7,1437,11852
02/05/2023,Field_2,Well_12,661,11,5846,18072
03/05/2023,Field_2,Well_20,1093,7,4129,16133
04/05/2023,Field_2,Well_4,3759,10,9081,19633
05/05/2023,Field_2,Well_16,4655,21,1901,12777
06/05/2023,Field_2,Well_7,3462,19,6398,9232
07/05/2023,Field_2,Well_13,4388,7,7678,11519
08/05/2023,Field_2,Well_10,3890,7,6529,15326
09/05/2023,Field_2,Well_7,1163,16,7604,6777
10/05/2023,Field_2,Well_14,1632,19,4918,6222
11/05/2023,Field_2,Well_5,1041,19,2067,12630
12/05/2023,Field_2,Well_3,3474,22,1026,19772
13/05/2023,Field_2,Well_11,1367,15,7937,18621
14/05/2023,Field_2,Well_11,2566,13,8264,16859
15/05/2023,Field_2,Well_18,931,10,8118,6777
16/05/2023,Field_2,Well_15,4778,6,1547,14496
17/05/2023,Field_2,Well_12,1706,15,9758,12490
18/05/2023,Field_2,Well_9,3028,12,9895,9859
19/05/2023,Field_2,Well_10,1669,14,6338,13893
20/05/2023,Field_2,Well_12,1330,23,4140,13118
21/05/2023,Field_2,Well_17,2151,15,8996,7989
22/05/2023,Field_2,Well_6,1636,20,2590,13343
23/05/2023,Field_2,Well_7,3310,22,8776,6325
24/05/2023,Field_2,Well_14,975,23,5943,14493
25/05/2023,Field_2,Well_13,3310,8,9997,16914
26/05/2023,Field_2,Well_8,1826,2,8798,14903
27/05/2023,Field_2,Well_10,1519,18,4791,10127
28/05/2023,Field_2,Well_9,2336,19,2357,13998
29/05/2023,Field_2,Well_18,4756,4,9092,17522
30/05/2023,Field_2,Well_2,2948,9,4225,7722
31/05/2023,Field_2,Well_5,4793,16,3460,9656
01/06/2023,Field_2,Well_5,1783,14,9737,6325
02/06/2023,Field_2,Well_6,1159,22,3728,9133
03/06/2023,Field_2,Well_19,2510,7,7726,14351
04/06/2023,Field_2,Well_8,898,14,8481,7869
05/06/2023,Field_2,Well_16,2233,20,7430,17708
06/06/2023,Field_2,Well_13,2625,13,4114,6242
07/06/2023,Field_2,Well_1,2671,19,1616,13539
08/06/2023,Field_2,Well_20,574,6,4644,6831
09/06/2023,Field_2,Well_17,3971,20,7413,6569
10/06/2023,Field_2,Well_7,1336,22,2203,17127
11/06/2023,Field_2,Well_13,999,11,3565,12246
12/06/2023,Field_2,Well_4,637,16,4174,6918
13/06/2023,Field_2,Well_4,2597,16,4081,11416
14/06/2023,Field_2,Well_6,4196,9,3630,8232
15/06/2023,Field_2,Well_19,2385,18,4161,8758
16/06/2023,Field_2,Well_12,3257,13,5321,10997
17/06/2023,Field_2,Well_7,4420,10,9861,7355
18/06/2023,Field_2,Well_10,2400,1,7269,14589
19/06/2023,Field_2,Well_19,3110,17,8099,15972
20/06/2023,Field_2,Well_7,4486,6,8376,6824
21/06/2023,Field_2,Well_3,1949,11,5078,15683
22/06/2023,Field_2,Well_13,1046,1,6801,12280
23/06/2023,Field_2,Well_13,2503,19,5151,9060
24/06/2023,Field_2,Well_18,2596,17,9911,10324
25/06/2023,Field_2,Well_20,1203,5,3600,5404
26/06/2023,Field_2,Well_8,2903,23,7175,6721
27/06/2023,Field_2,Well_9,2125,9,1666,10316
28/06/2023,Field_2,Well_7,3831,19,1283,16017
29/06/2023,Field_2,Well_1,3478,14,6840,8845
30/06/2023,Field_2,Well_3,3339,4,4565,9210
01/07/2023,Field_2,Well_13,3884,19,5593,16384
02/07/2023,Field_2,Well_17,3159,2,2465,18964
03/07/2023,Field_2,Well_1,2361,4,9321,5064
04/07/2023,Field_2,Well_6,3356,7,5734,14491
05/07/2023,Field_2,Well_6,1185,7,7257,18112
06/07/2023,Field_2,Well_12,4783,7,8366,11382
07/07/2023,Field_2,Well_13,2119,11,4672,19637
08/07/2023,Field_2,Well_13,1931,23,8382,14607
09/07/2023,Field_2,Well_15,1375,22,7587,16785
10/07/2023,Field_2,Well_16,2961,7,1992,5968
11/07/2023,Field_2,Well_11,1865,10,7858,5368
12/07/2023,Field_2,Well_5,1743,13,3121,13424
13/07/2023,Field_2,Well_4,662,7,3223,7242
14/07/2023,Field_2,Well_3,2474,23,5522,10002
15/07/2023,Field_2,Well_19,3791,9,4188,8083
16/07/2023,Field_2,Well_20,769,6,4237,13073
17/07/2023,Field_2,Well_18,1131,16,5136,14112
18/07/2023,Field_2,Well_15,1405,3,1343,13880
19/07/2023,Field_2,Well_9,3971,12,5704,17464
20/07/2023,Field_2,Well_17,3753,3,5823,19552
21/07/2023,Field_2,Well_14,2514,4,5920,18322
22/07/2023,Field_2,Well_15,2141,21,4201,6469
23/07/2023,Field_2,Well_1,704,3,6471,9725
24/07/2023,Field_2,Well_3,1081,17,1888,9259
25/07/2023,Field_2,Well_16,1340,5,8127,8622
26/07/2023,Field_2,Well_11,2219,23,4720,15292
27/07/2023,Field_2,Well_12,3143,23,3883,15457
28/07/2023,Field_2,Well_10,2797,22,5212,16981
29/07/2023,Field_2,Well_16,1374,21,7961,5823
30/07/2023,Field_2,Well_8,1189,1,3415,8431
31/07/2023,Field_2,Well_6,4500,22,4001,11528
01/08/2023,Field_2,Well_12,3641,10,2738,9151
02/08/2023,Field_2,Well_8,1922,13,2364,9213
03/08/2023,Field_2,Well_4,1171,4,3708,12420
04/08/2023,Field_2,Well_8,1671,5,1924,13989
05/08/2023,Field_2,Well_18,4226,9,1151,5779
06/08/2023,Field_2,Well_5,1443,7,9777,16042
07/08/2023,Field_2,Well_9,1949,13,9044,7892
08/08/2023,Field_2,Well_4,4237,23,1912,10534
09/08/2023,Field_2,Well_17,3039,2,3321,15085
10/08/2023,Field_2,Well_9,4459,11,1495,8306
11/08/2023,Field_2,Well_1,4760,15,3148,7902
12/08/2023,Field_2,Well_20,2861,22,1556,17995
13/08/2023,Field_2,Well_13,4152,16,2552,18391
14/08/2023,Field_2,Well_16,4170,0,3120,8718
15/08/2023,Field_2,Well_13,2253,22,4085,5021
16/08/2023,Field_2,Well_14,2852,9,4504,6500
17/08/2023,Field_2,Well_3,2438,22,1156,14034
18/08/2023,Field_2,Well_6,870,9,9926,14952
19/08/2023,Field_2,Well_18,4979,20,8505,8641
20/08/2023,Field_2,Well_19,2431,23,8162,10212
21/08/2023,Field_2,Well_5,924,1,6523,5191
22/08/2023,Field_2,Well_15,1394,8,8543,18306
23/08/2023,Field_2,Well_2,1097,21,9055,18414
24/08/2023,Field_2,Well_10,3562,12,5654,13587
25/08/2023,Field_2,Well_18,2836,15,7250,12174
26/08/2023,Field_2,Well_13,2187,17,8246,19975
27/08/2023,Field_2,Well_5,1072,18,1154,10114
28/08/2023,Field_2,Well_1,2590,11,8950,9662
29/08/2023,Field_2,Well_1,4169,7,1996,9326
30/08/2023,Field_2,Well_18,4772,16,5626,14065
31/08/2023,Field_2,Well_15,2133,14,3905,15813
01/09/2023,Field_2,Well_17,2017,9,1153,9335
02/09/2023,Field_2,Well_11,4793,14,8853,13281
03/09/2023,Field_2,Well_17,3157,14,7481,15471
04/09/2023,Field_2,Well_13,4148,22,6599,13648
05/09/2023,Field_2,Well_1,4088,6,2716,15472
06/09/2023,Field_2,Well_2,2037,12,1786,17641
07/09/2023,Field_2,Well_9,3637,16,5368,14196
08/09/2023,Field_2,Well_3,597,8,9096,18644
09/09/2023,Field_2,Well_1,3715,7,5272,17726
10/09/2023,Field_2,Well_16,4250,19,4767,10494
11/09/2023,Field_2,Well_6,3657,20,9834,13536
12/09/2023,Field_2,Well_17,843,17,6994,7711
13/09/2023,Field_2,Well_5,1110,12,8216,12595
14/09/2023,Field_2,Well_5,2227,15,9857,17944
15/09/2023,Field_2,Well_6,2790,8,4426,11273
16/09/2023,Field_2,Well_3,2354,11,4783,11284
17/09/2023,Field_2,Well_5,3108,11,6427,15654
18/09/2023,Field_2,Well_5,2579,5,8011,14308
19/09/2023,Field_2,Well_10,2824,18,9052,13817
20/09/2023,Field_2,Well_10,1677,6,4701,17571
21/09/2023,Field_2,Well_19,1591,2,3349,15171
22/09/2023,Field_2,Well_17,3291,15,8011,8994
23/09/2023,Field_2,Well_14,2249,17,8055,6678
24/09/2023,Field_2,Well_9,3175,15,2212,13414
25/09/2023,Field_2,Well_14,1281,22,7965,5743
26/09/2023,Field_2,Well_1,3548,6,7704,5462
27/09/2023,Field_2,Well_19,2605,3,8433,6568
28/09/2023,Field_2,Well_13,4367,7,3511,16539
29/09/2023,Field_2,Well_13,2613,12,1143,18993
30/09/2023,Field_2,Well_4,4470,12,8367,18451
01/10/2023,Field_2,Well_1,2491,16,4228,19692
02/10/2023,Field_2,Well_17,1567,16,5582,6736
03/10/2023,Field_2,Well_8,2077,4,7031,18334
04/10/2023,Field_2,Well_2,1511,5,5243,17231
05/10/2023,Field_2,Well_8,2774,18,3713,12903
06/10/2023,Field_2,Well_7,2314,12,5185,17143
07/10/2023,Field_2,Well_2,2926,13,8328,12002
08/10/2023,Field_2,Well_3,4902,21,5633,13856
09/10/2023,Field_2,Well_18,3051,3,4192,6356
10/10/2023,Field_2,Well_12,4157,6,1300,6014
11/10/2023,Field_2,Well_1,507,7,1723,15324
12/10/2023,Field_2,Well_12,3055,12,6694,15860
13/10/2023,Field_2,Well_5,975,5,4010,6054
14/10/2023,Field_2,Well_17,2711,5,6555,6764
15/10/2023,Field_2,Well_16,984,23,1067,19575
16/10/2023,Field_2,Well_15,2785,20,3506,11009
17/10/2023,Field_2,Well_15,4025,2,2537,9458
18/10/2023,Field_2,Well_5,3839,2,1397,16061
19/10/2023,Field_2,Well_14,3322,12,6680,14604
20/10/2023,Field_2,Well_2,3424,21,5825,5667
21/10/2023,Field_2,Well_11,758,1,9747,8370
22/10/2023,Field_2,Well_19,782,15,7048,10976
23/10/2023,Field_2,Well_7,2398,21,4661,6394
24/10/2023,Field_2,Well_6,4635,5,3941,13290
25/10/2023,Field_2,Well_2,3476,7,8067,19382
26/10/2023,Field_2,Well_6,2767,22,6091,9070
27/10/2023,Field_2,Well_18,3700,7,2601,11982
28/10/2023,Field_2,Well_2,1112,5,2480,13613
29/10/2023,Field_2,Well_18,1187,13,7230,10599
30/10/2023,Field_2,Well_15,4190,2,4276,8650
31/10/2023,Field_2,Well_19,1112,9,7447,17349
01/11/2023,Field_2,Well_2,2807,2,6499,14324
02/11/2023,Field_2,Well_20,3513,11,7273,14894
03/11/2023,Field_2,Well_6,2281,16,2299,8620
04/11/2023,Field_2,Well_1,3091,4,6818,8190
05/11/2023,Field_2,Well_15,3196,19,7701,13789
06/11/2023,Field_2,Well_10,4458,8,5994,5391
07/11/2023,Field_2,Well_19,1074,20,8489,6075
08/11/2023,Field_2,Well_17,2410,19,9269,7650
09/11/2023,Field_2,Well_5,4104,6,3831,18600
10/11/2023,Field_2,Well_4,1169,21,3721,19317
11/11/2023,Field_2,Well_10,4864,3,2532,7384
12/11/2023,Field_2,Well_17,1783,12,9429,5809
13/11/2023,Field_2,Well_10,1423,12,6253,13047
14/11/2023,Field_2,Well_17,1625,9,2996,16501
15/11/2023,Field_2,Well_20,2029,17,6311,10501
16/11/2023,Field_2,Well_5,2094,16,1277,16930
17/11/2023,Field_2,Well_2,746,19,4089,11895
18/11/2023,Field_2,Well_6,4211,19,1523,6159
19/11/2023,Field_2,Well_2,2060,12,5275,12574
20/11/2023,Field_2,Well_13,2900,16,6365,6531
21/11/2023,Field_2,Well_11,2743,21,4122,10481
22/11/2023,Field_2,Well_11,4364,3,9167,12548
23/11/2023,Field_2,Well_16,2439,0,6190,9976
24/11/2023,Field_2,Well_11,3569,0,5575,10695
25/11/2023,Field_2,Well_19,726,14,8727,15874
26/11/2023,Field_2,Well_15,4047,12,2797,13445
27/11/2023,Field_2,Well_16,764,16,3131,8548
28/11/2023,Field_2,Well_11,1895,23,8322,16377
29/11/2023,Field_2,Well_16,4057,7,7500,11163
30/11/2023,Field_2,Well_8,1145,17,1815,11671
01/12/2023,Field_2,Well_4,3490,12,9634,10264
02/12/2023,Field_2,Well_8,2399,22,7666,6231
03/12/2023,Field_2,Well_4,3004,13,1142,7423
04/12/2023,Field_2,Well_3,3272,7,2410,16767
05/12/2023,Field_2,Well_3,1654,7,1534,13071
06/12/2023,Field_2,Well_18,1087,14,4364,9261
07/12/2023,Field_2,Well_19,2321,12,2032,14765
08/12/2023,Field_2,Well_19,1485,6,4342,7908
09/12/2023,Field_2,Well_5,4579,4,7085,9712
10/12/2023,Field_2,Well_18,3848,16,5500,11755
11/12/2023,Field_2,Well_10,4331,15,2172,14817
12/12/2023,Field_2,Well_6,1741,22,5517,17190
13/12/2023,Field_2,Well_1,689,1,9007,8883
14/12/2023,Field_2,Well_5,1480,21,2641,8515
15/12/2023,Field_2,Well_9,2198,17,1471,8403
16/12/2023,Field_2,Well_12,2215,16,3940,9598
17/12/2023,Field_2,Well_14,3093,6,9738,10008
18/12/2023,Field_2,Well_2,4636,12,5726,11222
19/12/2023,Field_2,Well_17,4933,17,8670,17872
20/12/2023,Field_2,Well_14,1598,13,4723,15150
21/12/2023,Field_2,Well_13,2826,17,1363,9009
22/12/2023,Field_2,Well_9,3747,12,4309,7735
23/12/2023,Field_2,Well_15,1395,10,1545,9491
24/12/2023,Field_2,Well_15,2174,20,4240,18919
25/12/2023,Field_2,Well_11,3409,20,7665,19168
26/12/2023,Field_2,Well_16,1430,15,2936,16366
27/12/2023,Field_2,Well_17,4884,22,1882,13593
28/12/2023,Field_2,Well_4,1223,16,4840,5974
29/12/2023,Field_2,Well_1,3440,7,7923,5223
30/12/2023,Field_2,Well_8,1589,18,5611,9613
31/12/2023,Field_2,Well_17,1435,19,6204,11777
01/01/2023,Field_3,Well_3,2795,14,8288,13427
02/01/2023,Field_3,Well_20,655,8,4203,16690
03/01/2023,Field_3,Well_15,1570,19,3244,9211
04/01/2023,Field_3,Well_15,2458,9,1018,16426
05/01/2023,Field_3,Well_14,3001,11,1641,5225
06/01/2023,Field_3,Well_14,4719,20,4083,15469
07/01/2023,Field_3,Well_2,4330,22,6200,13183
08/01/2023,Field_3,Well_13,1354,19,9521,9277
09/01/2023,Field_3,Well_14,1139,0,1865,6341
10/01/2023,Field_3,Well_19,2738,19,1773,9036
11/01/2023,Field_3,Well_7,2102,8,5732,13401
12/01/2023,Field_3,Well_3,941,21,4518,8727
13/01/2023,Field_3,Well_15,1836,14,7795,18703
14/01/2023,Field_3,Well_14,4200,0,7984,8928
15/01/2023,Field_3,Well_11,1448,11,3567,19431
16/01/2023,Field_3,Well_15,3873,2,2674,18181
17/01/2023,Field_3,Well_13,959,10,1739,19169
18/01/2023,Field_3,Well_18,892,1,2545,7803
19/01/2023,Field_3,Well_6,4438,15,6127,14301
20/01/2023,Field_3,Well_3,2287,8,7947,11558
21/01/2023,Field_3,Well_19,2757,14,7620,15218
22/01/2023,Field_3,Well_15,1638,11,5555,5393
23/01/2023,Field_3,Well_5,4308,0,6645,11839
24/01/2023,Field_3,Well_10,2954,12,9943,14035
25/01/2023,Field_3,Well_7,1966,13,8124,14716
26/01/2023,Field_3,Well_17,4174,7,4732,13795
27/01/2023,Field_3,Well_7,1877,7,3283,5581
28/01/2023,Field_3,Well_12,3097,11,9669,19330
29/01/2023,Field_3,Well_17,641,0,7998,15131
30/01/2023,Field_3,Well_13,3159,10,6413,5132
31/01/2023,Field_3,Well_20,1339,7,2269,7838
01/02/2023,Field_3,Well_4,4118,9,8868,19984
02/02/2023,Field_3,Well_10,4417,18,3603,8385
03/02/2023,Field_3,Well_3,1095,10,6961,8770
04/02/2023,Field_3,Well_9,2404,6,9569,7268
05/02/2023,Field_3,Well_13,780,10,8557,5975
06/02/2023,Field_3,Well_18,923,16,2680,12605
07/02/2023,Field_3,Well_15,4865,0,9433,12213
08/02/2023,Field_3,Well_4,4749,20,6682,15005
09/02/2023,Field_3,Well_15,2250,20,9084,16455
10/02/2023,Field_3,Well_2,2467,7,6367,14735
11/02/2023,Field_3,Well_15,4588,22,1069,7835
12/02/2023,Field_3,Well_8,4678,23,4924,7738
13/02/2023,Field_3,Well_8,3446,5,7200,14549
14/02/2023,Field_3,Well_17,1949,21,3007,9134
15/02/2023,Field_3,Well_12,2831,17,9992,14508
16/02/2023,Field_3,Well_19,2720,5,9119,11833
17/02/2023,Field_3,Well_10,4289,4,3779,13353
18/02/2023,Field_3,Well_9,3310,12,5920,6909
19/02/2023,Field_3,Well_5,2031,18,1755,14319
20/02/2023,Field_3,Well_6,3490,21,7495,19496
21/02/2023,Field_3,Well_20,4993,7,6935,17062
22/02/2023,Field_3,Well_2,1643,8,3330,14850
23/02/2023,Field_3,Well_13,1433,16,6705,16317
24/02/2023,Field_3,Well_6,1960,2,9301,6963
25/02/2023,Field_3,Well_5,3223,18,2016,10153
26/02/2023,Field_3,Well_1,3012,10,8347,15481
27/02/2023,Field_3,Well_6,785,23,9216,5966
28/02/2023,Field_3,Well_6,764,16,5938,5889
01/03/2023,Field_3,Well_16,2867,20,3838,19448
02/03/2023,Field_3,Well_4,3947,18,1737,8061
03/03/2023,Field_3,Well_11,2262,1,7200,11461
04/03/2023,Field_3,Well_9,3548,7,9371,11166
05/03/2023,Field_3,Well_3,2881,18,1231,16821
06/03/2023,Field_3,Well_19,2769,6,2917,11967
07/03/2023,Field_3,Well_8,540,16,9534,16381
08/03/2023,Field_3,Well_5,567,5,6918,15940
09/03/2023,Field_3,Well_4,1487,18,3623,14858
10/03/2023,Field_3,Well_6,4508,23,9646,16258
11/03/2023,Field_3,Well_2,3698,5,7401,13101
12/03/2023,Field_3,Well_20,3024,1,8072,12379
13/03/2023,Field_3,Well_11,1585,5,3276,14633
14/03/2023,Field_3,Well_4,2979,22,8393,12280
15/03/2023,Field_3,Well_15,2193,4,9787,6067
16/03/2023,Field_3,Well_6,2815,18,4874,9223
17/03/2023,Field_3,Well_17,1278,19,5530,16115
18/03/2023,Field_3,Well_6,2085,3,8164,17445
19/03/2023,Field_3,Well_19,1992,21,5497,17048
20/03/2023,Field_3,Well_2,1160,16,8933,14018
21/03/2023,Field_3,Well_15,1848,10,3135,19178
22/03/2023,Field_3,Well_11,1799,3,7727,9607
23/03/2023,Field_3,Well_8,4440,12,2565,8985
24/03/2023,Field_3,Well_19,2486,19,1308,15284
25/03/2023,Field_3,Well_13,2544,16,9534,8179
26/03/2023,Field_3,Well_12,4016,8,9627,19554
27/03/2023,Field_3,Well_5,1558,3,9368,9538
28/03/2023,Field_3,Well_6,1476,22,1138,17093
29/03/2023,Field_3,Well_4,1227,13,1193,7362
30/03/2023,Field_3,Well_19,3027,18,4257,7224
31/03/2023,Field_3,Well_20,3636,2,4235,11371
01/04/2023,Field_3,Well_1,842,13,1942,6726
02/04/2023,Field_3,Well_20,1947,7,5620,15198
03/04/2023,Field_3,Well_17,2879,23,6720,10791
04/04/2023,Field_3,Well_12,4159,0,7353,13073
05/04/2023,Field_3,Well_15,1026,9,5957,13458
06/04/2023,Field_3,Well_1,2396,17,4381,12013
07/04/2023,Field_3,Well_14,2573,15,6839,5837
08/04/2023,Field_3,Well_6,905,7,3880,9584
09/04/2023,Field_3,Well_5,2073,0,5887,17989
10/04/2023,Field_3,Well_11,4240,11,1545,5686
11/04/2023,Field_3,Well_4,4774,7,2927,16553
12/04/2023,Field_3,Well_13,4727,23,5152,18283
13/04/2023,Field_3,Well_11,2346,15,1004,5356
14/04/2023,Field_3,Well_3,1978,17,6533,17007
15/04/2023,Field_3,Well_1,2895,3,6378,14063
16/04/2023,Field_3,Well_6,1271,5,7233,15165
17/04/2023,Field_3,Well_18,1078,11,3663,19539
18/04/2023,Field_3,Well_10,3401,8,4326,9647
19/04/2023,Field_3,Well_5,693,14,4659,15002
20/04/2023,Field_3,Well_10,2507,15,2131,9418
21/04/2023,Field_3,Well_12,1685,23,5763,15833
22/04/2023,Field_3,Well_2,2894,11,7737,15420
23/04/2023,Field_3,Well_13,3498,23,6092,11642
24/04/2023,Field_3,Well_8,2292,22,7022,8391
25/04/2023,Field_3,Well_2,1610,13,4159,17370
26/04/2023,Field_3,Well_20,4505,12,7159,15542
27/04/2023,Field_3,Well_1,2761,1,8318,9357
28/04/2023,Field_3,Well_5,4236,2,9445,9879
29/04/2023,Field_3,Well_9,4293,23,6307,10319
30/04/2023,Field_3,Well_17,2436,21,9520,18201
01/05/2023,Field_3,Well_9,4857,9,4044,7739
02/05/2023,Field_3,Well_11,1229,8,6636,18231
03/05/2023,Field_3,Well_15,4878,19,3892,15922
04/05/2023,Field_3,Well_6,3951,7,6288,14510
05/05/2023,Field_3,Well_3,4957,9,6812,14727
06/05/2023,Field_3,Well_17,2640,18,1654,9784
07/05/2023,Field_3,Well_5,2144,2,6481,15635
08/05/2023,Field_3,Well_12,3300,23,1759,14964
09/05/2023,Field_3,Well_18,641,4,7782,16401
10/05/2023,Field_3,Well_14,1955,2,2798,18126
11/05/2023,Field_3,Well_11,2596,15,6159,5877
12/05/2023,Field_3,Well_9,1825,16,9446,7870
13/05/2023,Field_3,Well_2,1713,14,6262,16392
14/05/2023,Field_3,Well_12,1659,2,4823,17336
15/05/2023,Field_3,Well_3,4999,11,2876,16939
16/05/2023,Field_3,Well_3,840,8,7154,16028
17/05/2023,Field_3,Well_1,4328,20,8787,5292
18/05/2023,Field_3,Well_8,2468,11,5516,14843
19/05/2023,Field_3,Well_8,1203,14,4734,17823
20/05/2023,Field_3,Well_11,4913,1,6972,17598
21/05/2023,Field_3,Well_9,2929,22,7639,13728
22/05/2023,Field_3,Well_5,2300,17,6356,19214
23/05/2023,Field_3,Well_14,1355,19,7380,7686
24/05/2023,Field_3,Well_3,2312,11,2008,5233
25/05/2023,Field_3,Well_5,3366,22,5314,18520
26/05/2023,Field_3,Well_5,4142,3,3508,15844
27/05/2023,Field_3,Well_19,682,22,5758,19429
28/05/2023,Field_3,Well_14,3612,15,3682,7374
29/05/2023,Field_3,Well_4,4992,22,8311,7272
30/05/2023,Field_3,Well_13,2017,15,1989,5966
31/05/2023,Field_3,Well_10,1856,0,9446,5889
01/06/2023,Field_3,Well_18,2674,21,5711,8863
02/06/2023,Field_3,Well_8,4129,1,7479,11154
03/06/2023,Field_3,Well_8,4128,2,7964,8400
04/06/2023,Field_3,Well_7,4596,20,9075,13226
05/06/2023,Field_3,Well_8,3739,19,5452,9542
06/06/2023,Field_3,Well_14,4191,16,9447,8523
07/06/2023,Field_3,Well_19,518,19,2007,6763
08/06/2023,Field_3,Well_6,3903,21,7496,8291
09/06/2023,Field_3,Well_1,3504,20,8688,7488
10/06/2023,Field_3,Well_15,1632,0,4908,15892
11/06/2023,Field_3,Well_1,3839,19,3803,6558
12/06/2023,Field_3,Well_17,3811,5,5379,9690
13/06/2023,Field_3,Well_1,3872,14,1098,11121
14/06/2023,Field_3,Well_15,1487,13,9388,7276
15/06/2023,Field_3,Well_2,3821,19,1877,17198
16/06/2023,Field_3,Well_14,673,14,2868,9439
17/06/2023,Field_3,Well_8,4241,13,3665,6103
18/06/2023,Field_3,Well_8,3552,20,2388,12520
19/06/2023,Field_3,Well_19,1226,23,3415,14611
20/06/2023,Field_3,Well_7,4260,4,9761,10409
21/06/2023,Field_3,Well_19,2375,5,3637,14670
22/06/2023,Field_3,Well_6,4533,16,8242,17106
23/06/2023,Field_3,Well_6,1489,10,9613,16934
24/06/2023,Field_3,Well_3,4244,15,3883,18439
25/06/2023,Field_3,Well_7,3186,11,2204,12869
26/06/2023,Field_3,Well_19,919,14,1544,7956
27/06/2023,Field_3,Well_8,1093,22,2223,12710
28/06/2023,Field_3,Well_10,2274,3,4172,11017
29/06/2023,Field_3,Well_20,2959,17,9959,14574
30/06/2023,Field_3,Well_15,1435,20,7450,15766
01/07/2023,Field_3,Well_15,4308,2,7520,8384
02/07/2023,Field_3,Well_1,831,21,1654,19410
03/07/2023,Field_3,Well_20,3949,7,7821,14761
04/07/2023,Field_3,Well_7,3202,22,3446,15086
05/07/2023,Field_3,Well_4,4506,2,6892,15435
06/07/2023,Field_3,Well_6,4368,7,9412,15058
07/07/2023,Field_3,Well_1,4700,17,4666,5028
08/07/2023,Field_3,Well_5,701,9,5277,13897
09/07/2023,Field_3,Well_1,2997,19,5402,14212
10/07/2023,Field_3,Well_4,2342,16,3569,15255
11/07/2023,Field_3,Well_2,2366,7,6515,14638
12/07/2023,Field_3,Well_10,2496,22,4985,12756
13/07/2023,Field_3,Well_5,1409,10,9167,11948
14/07/2023,Field_3,Well_10,4805,4,8448,16856
15/07/2023,Field_3,Well_1,3689,12,5310,16179
16/07/2023,Field_3,Well_6,1270,20,4019,10755
17/07/2023,Field_3,Well_13,3655,22,4681,8602
18/07/2023,Field_3,Well_15,3001,4,5196,10062
19/07/2023,Field_3,Well_4,3214,23,1572,16877
20/07/2023,Field_3,Well_13,4085,12,5753,13071
21/07/2023,Field_3,Well_20,2128,5,8082,12244
22/07/2023,Field_3,Well_15,886,4,5002,11372
23/07/2023,Field_3,Well_8,3921,8,6629,12105
24/07/2023,Field_3,Well_5,4508,15,9417,16560
25/07/2023,Field_3,Well_15,4593,1,5200,8581
26/07/2023,Field_3,Well_4,4863,0,2997,7762
27/07/2023,Field_3,Well_12,2966,7,9963,17229
28/07/2023,Field_3,Well_13,2782,18,8422,5572
29/07/2023,Field_3,Well_2,2356,10,5524,12705
30/07/2023,Field_3,Well_19,2498,11,9625,18894
31/07/2023,Field_3,Well_19,1736,11,4407,17280
01/08/2023,Field_3,Well_4,4644,6,7731,5614
02/08/2023,Field_3,Well_4,1650,12,8795,9050
03/08/2023,Field_3,Well_11,4818,7,3793,5325
04/08/2023,Field_3,Well_5,1931,21,8334,8740
05/08/2023,Field_3,Well_20,2319,8,3911,5358
06/08/2023,Field_3,Well_11,2824,6,8952,8777
07/08/2023,Field_3,Well_10,1630,20,3415,10906
08/08/2023,Field_3,Well_8,3158,23,1250,15563
09/08/2023,Field_3,Well_6,4000,14,5951,6721
10/08/2023,Field_3,Well_6,874,1,9098,6349
11/08/2023,Field_3,Well_8,2620,22,6289,8696
12/08/2023,Field_3,Well_15,4520,19,9102,8896
13/08/2023,Field_3,Well_14,2521,11,8257,9260
14/08/2023,Field_3,Well_11,4205,0,6565,14788
15/08/2023,Field_3,Well_12,3759,22,7437,14819
16/08/2023,Field_3,Well_13,3935,21,2173,11941
17/08/2023,Field_3,Well_8,2389,7,9624,15694
18/08/2023,Field_3,Well_18,2323,4,1835,18464
19/08/2023,Field_3,Well_1,1974,14,3262,8808
20/08/2023,Field_3,Well_15,2742,0,5567,10246
21/08/2023,Field_3,Well_8,3743,0,4815,13384
22/08/2023,Field_3,Well_11,3634,9,1246,15866
23/08/2023,Field_3,Well_12,2570,21,3429,8845
24/08/2023,Field_3,Well_12,859,9,6287,7577
25/08/2023,Field_3,Well_4,2541,20,3607,5091
26/08/2023,Field_3,Well_16,1641,14,6930,9234
27/08/2023,Field_3,Well_4,2135,16,5022,13672
28/08/2023,Field_3,Well_5,4500,21,5784,11592
29/08/2023,Field_3,Well_5,2443,5,7617,18644
30/08/2023,Field_3,Well_8,3861,2,4151,16108
31/08/2023,Field_3,Well_10,3480,12,6580,17627
01/09/2023,Field_3,Well_17,506,15,8054,13128
02/09/2023,Field_3,Well_9,3767,7,8706,6075
03/09/2023,Field_3,Well_19,2091,14,8619,7513
04/09/2023,Field_3,Well_14,3764,16,5573,13168
05/09/2023,Field_3,Well_8,3106,16,4491,11861
06/09/2023,Field_3,Well_9,3719,21,1706,13990
07/09/2023,Field_3,Well_11,3773,12,7997,17762
08/09/2023,Field_3,Well_1,1413,16,6233,19736
09/09/2023,Field_3,Well_14,2511,5,9945,18750
10/09/2023,Field_3,Well_5,1942,16,6755,17141
11/09/2023,Field_3,Well_14,3554,15,7960,5604
12/09/2023,Field_3,Well_4,4046,13,9779,7979
13/09/2023,Field_3,Well_1,4721,12,2334,12140
14/09/2023,Field_3,Well_19,3428,5,6588,12065
15/09/2023,Field_3,Well_8,2329,2,2847,9916
16/09/2023,Field_3,Well_15,1075,13,7851,11800
17/09/2023,Field_3,Well_15,1429,13,8211,5597
18/09/2023,Field_3,Well_9,4259,14,8865,14724
19/09/2023,Field_3,Well_9,4199,7,4317,12320
20/09/2023,Field_3,Well_10,1963,14,7811,13705
21/09/2023,Field_3,Well_20,3775,21,1164,10622
22/09/2023,Field_3,Well_9,1554,12,8060,6877
23/09/2023,Field_3,Well_3,2400,16,4057,17164
24/09/2023,Field_3,Well_20,1957,20,5428,17035
25/09/2023,Field_3,Well_11,1899,23,1402,6699
26/09/2023,Field_3,Well_6,3915,2,9605,14221
27/09/2023,Field_3,Well_2,942,5,9236,17787
28/09/2023,Field_3,Well_7,4150,4,7349,10780
29/09/2023,Field_3,Well_18,1678,21,5157,5716
30/09/2023,Field_3,Well_2,4958,16,1867,18429
01/10/2023,Field_3,Well_17,1757,22,9210,18796
02/10/2023,Field_3,Well_11,4134,1,1364,9086
03/10/2023,Field_3,Well_12,2341,14,8467,19936
04/10/2023,Field_3,Well_19,2809,4,7571,5665
05/10/2023,Field_3,Well_7,1410,19,1579,12846
06/10/2023,Field_3,Well_20,4840,5,8674,11611
07/10/2023,Field_3,Well_6,4509,5,9737,15400
08/10/2023,Field_3,Well_1,2669,17,7468,19605
09/10/2023,Field_3,Well_17,2672,17,5150,6079
10/10/2023,Field_3,Well_11,623,3,4039,13419
11/10/2023,Field_3,Well_18,3658,16,5137,13340
12/10/2023,Field_3,Well_17,1285,13,1452,6069
13/10/2023,Field_3,Well_7,2916,13,7537,10263
14/10/2023,Field_3,Well_17,1296,12,2381,12951
15/10/2023,Field_3,Well_20,4672,6,9154,17919
16/10/2023,Field_3,Well_9,4654,11,2467,6363
17/10/2023,Field_3,Well_17,2436,22,3738,9508
18/10/2023,Field_3,Well_20,2656,14,8572,6755
19/10/2023,Field_3,Well_8,4307,18,7747,5519
20/10/2023,Field_3,Well_17,1801,10,1880,10463
21/10/2023,Field_3,Well_7,4663,14,4149,19722
22/10/2023,Field_3,Well_1,3640,11,9276,16736
23/10/2023,Field_3,Well_13,3736,2,8892,15514
24/10/2023,Field_3,Well_19,2852,16,5144,19688
25/10/2023,Field_3,Well_19,2432,2,2168,12233
26/10/2023,Field_3,Well_17,3221,18,4129,6102
27/10/2023,Field_3,Well_13,864,19,4645,5597
28/10/2023,Field_3,Well_16,2890,3,3526,18947
29/10/2023,Field_3,Well_8,1446,2,4516,8273
30/10/2023,Field_3,Well_19,1877,15,4367,17241
31/10/2023,Field_3,Well_18,1939,11,8338,10781
01/11/2023,Field_3,Well_1,3680,7,4555,15797
02/11/2023,Field_3,Well_14,840,23,6111,11256
03/11/2023,Field_3,Well_19,3489,16,7752,12258
04/11/2023,Field_3,Well_15,882,6,1445,15380
05/11/2023,Field_3,Well_18,2056,10,7364,19212
06/11/2023,Field_3,Well_2,799,17,4626,18017
07/11/2023,Field_3,Well_17,638,0,5016,13780
08/11/2023,Field_3,Well_18,858,2,4875,11554
09/11/2023,Field_3,Well_6,2022,3,6497,17664
10/11/2023,Field_3,Well_19,3956,12,7238,14599
11/11/2023,Field_3,Well_4,2127,5,1261,19157
12/11/2023,Field_3,Well_1,1803,13,5992,13002
13/11/2023,Field_3,Well_8,1634,4,5025,9846
14/11/2023,Field_3,Well_7,2686,15,9283,17914
15/11/2023,Field_3,Well_3,3670,14,5222,16582
16/11/2023,Field_3,Well_10,4335,14,5175,16632
17/11/2023,Field_3,Well_10,2651,3,4443,14821
18/11/2023,Field_3,Well_19,1737,7,6011,14186
19/11/2023,Field_3,Well_14,4235,15,1693,18871
20/11/2023,Field_3,Well_2,3334,15,9347,9798
21/11/2023,Field_3,Well_1,4760,3,2812,11605
22/11/2023,Field_3,Well_18,1498,12,6724,15251
23/11/2023,Field_3,Well_7,3067,12,2407,18467
24/11/2023,Field_3,Well_8,1807,1,9032,17764
25/11/2023,Field_3,Well_1,1156,2,2410,7986
26/11/2023,Field_3,Well_3,3160,21,4497,5400
27/11/2023,Field_3,Well_8,2711,7,5372,7855
28/11/2023,Field_3,Well_15,2409,23,8394,15416
29/11/2023,Field_3,Well_5,4230,14,1551,8412
30/11/2023,Field_3,Well_3,2546,10,5332,5056
01/12/2023,Field_3,Well_19,3662,8,1997,13022
02/12/2023,Field_3,Well_1,1640,6,5076,6875
03/12/2023,Field_3,Well_15,766,12,7099,9543
04/12/2023,Field_3,Well_8,2345,1,6555,9298
05/12/2023,Field_3,Well_2,2208,7,5052,8768
06/12/2023,Field_3,Well_3,4130,6,6303,10752
07/12/2023,Field_3,Well_14,3711,23,9118,9833
08/12/2023,Field_3,Well_14,2793,11,7102,17489
09/12/2023,Field_3,Well_11,4232,18,6490,6353
10/12/2023,Field_3,Well_16,4329,6,9564,15602
11/12/2023,Field_3,Well_4,2010,9,6616,9987
12/12/2023,Field_3,Well_20,975,15,3248,11597
13/12/2023,Field_3,Well_5,1476,2,1848,19691
14/12/2023,Field_3,Well_14,1707,9,7354,9311
15/12/2023,Field_3,Well_16,2460,5,9695,15794
16/12/2023,Field_3,Well_18,1057,17,9070,7934
17/12/2023,Field_3,Well_7,1382,17,9894,5022
18/12/2023,Field_3,Well_10,2694,4,4625,15394
19/12/2023,Field_3,Well_7,3167,20,1314,6209
20/12/2023,Field_3,Well_1,2110,6,3376,15488
21/12/2023,Field_3,Well_19,3988,1,5378,13940
22/12/2023,Field_3,Well_16,2954,10,9449,5804
23/12/2023,Field_3,Well_19,4994,12,1574,13325
24/12/2023,Field_3,Well_4,2446,22,6585,9416
25/12/2023,Field_3,Well_18,3308,4,6492,15629
26/12/2023,Field_3,Well_2,4325,5,9949,13625
27/12/2023,Field_3,Well_1,4036,23,3810,10141
28/12/2023,Field_3,Well_15,4302,13,9134,9968
29/12/2023,Field_3,Well_5,4677,11,6670,8671
30/12/2023,Field_3,Well_20,2470,3,8715,16928
31/12/2023,Field_3,Well_11,4322,22,7567,12292
01/01/2023,Field_4,Well_10,3319,5,4459,12001
02/01/2023,Field_4,Well_2,1402,9,7117,17231
03/01/2023,Field_4,Well_3,864,17,4992,7098
04/01/2023,Field_4,Well_12,4758,14,8837,19511
05/01/2023,Field_4,Well_20,3619,7,1203,16109
06/01/2023,Field_4,Well_5,3058,8,3775,13444
07/01/2023,Field_4,Well_5,2363,4,2992,10061
08/01/2023,Field_4,Well_6,615,9,3243,18026
09/01/2023,Field_4,Well_9,2884,19,9498,14321
10/01/2023,Field_4,Well_2,4435,5,2687,8264
11/01/2023,Field_4,Well_12,2990,15,5109,10435
12/01/2023,Field_4,Well_3,1442,23,2860,13493
13/01/2023,Field_4,Well_20,2224,2,6176,11691
14/01/2023,Field_4,Well_12,2834,9,1722,15169
15/01/2023,Field_4,Well_17,3267,10,9971,7763
16/01/2023,Field_4,Well_10,1637,10,9720,9005
17/01/2023,Field_4,Well_14,3027,16,5893,19603
18/01/2023,Field_4,Well_17,4617,3,1343,8241
19/01/2023,Field_4,Well_18,3920,3,6398,8057
20/01/2023,Field_4,Well_19,4406,16,9400,5550
21/01/2023,Field_4,Well_17,4137,8,5736,10574
22/01/2023,Field_4,Well_14,3453,18,4406,10411
23/01/2023,Field_4,Well_9,2867,4,1919,6587
24/01/2023,Field_4,Well_8,4721,21,6819,15014
25/01/2023,Field_4,Well_2,776,23,3044,10920
26/01/2023,Field_4,Well_13,2499,5,1418,10260
27/01/2023,Field_4,Well_7,1727,2,2749,16409
28/01/2023,Field_4,Well_9,4252,21,8378,16688
29/01/2023,Field_4,Well_11,4235,0,2099,9409
30/01/2023,Field_4,Well_14,1195,19,4392,17471
31/01/2023,Field_4,Well_4,1809,21,3772,10783
01/02/2023,Field_4,Well_13,4652,15,7784,5712
02/02/2023,Field_4,Well_2,3734,22,2545,15367
03/02/2023,Field_4,Well_5,4614,10,2070,10406
04/02/2023,Field_4,Well_11,2811,12,7522,12990
05/02/2023,Field_4,Well_6,3341,9,2850,12420
06/02/2023,Field_4,Well_18,4708,2,6053,17264
07/02/2023,Field_4,Well_10,4059,8,3939,17041
08/02/2023,Field_4,Well_4,3898,11,8194,11843
09/02/2023,Field_4,Well_9,1041,22,6851,7433
10/02/2023,Field_4,Well_6,3194,13,7673,8301
11/02/2023,Field_4,Well_2,1588,0,1678,5270
12/02/2023,Field_4,Well_17,3863,17,1988,14986
13/02/2023,Field_4,Well_5,524,16,2502,18098
14/02/2023,Field_4,Well_6,2072,8,2789,15654
15/02/2023,Field_4,Well_12,3458,8,6281,17485
16/02/2023,Field_4,Well_10,4736,22,6027,16586
17/02/2023,Field_4,Well_6,2267,9,2425,6079
18/02/2023,Field_4,Well_8,2735,18,7654,16070
19/02/2023,Field_4,Well_2,700,14,3440,10322
20/02/2023,Field_4,Well_12,3698,4,7856,18932
21/02/2023,Field_4,Well_13,756,14,8367,17915
22/02/2023,Field_4,Well_7,4247,19,3594,13795
23/02/2023,Field_4,Well_10,2741,22,5689,10257
24/02/2023,Field_4,Well_13,3675,1,3436,18733
25/02/2023,Field_4,Well_17,4106,12,6517,12982
26/02/2023,Field_4,Well_14,3836,23,7310,18368
27/02/2023,Field_4,Well_2,913,15,4539,14777
28/02/2023,Field_4,Well_11,2514,14,4483,16249
01/03/2023,Field_4,Well_1,1881,9,8371,11214
02/03/2023,Field_4,Well_19,1598,13,3241,10006
03/03/2023,Field_4,Well_4,3926,9,7378,8985
04/03/2023,Field_4,Well_19,4155,13,3765,17881
05/03/2023,Field_4,Well_11,1409,22,5911,14587
06/03/2023,Field_4,Well_8,687,8,1403,16880
07/03/2023,Field_4,Well_11,4544,13,4382,13791
08/03/2023,Field_4,Well_4,4256,2,5163,13705
09/03/2023,Field_4,Well_17,2515,19,8630,10991
10/03/2023,Field_4,Well_7,2592,15,1087,11227
11/03/2023,Field_4,Well_8,4144,1,6816,14258
12/03/2023,Field_4,Well_3,2630,9,6470,12833
13/03/2023,Field_4,Well_2,857,2,7276,7886
14/03/2023,Field_4,Well_15,2922,10,6739,19245
15/03/2023,Field_4,Well_5,4757,10,5273,7653
16/03/2023,Field_4,Well_1,1997,20,7523,18097
17/03/2023,Field_4,Well_4,2658,20,6003,19468
18/03/2023,Field_4,Well_15,3055,21,9038,14280
19/03/2023,Field_4,Well_20,2842,12,7606,17577
20/03/2023,Field_4,Well_19,3451,6,3064,19711
21/03/2023,Field_4,Well_3,1738,22,6315,9864
22/03/2023,Field_4,Well_20,1473,16,1317,7514
23/03/2023,Field_4,Well_11,4465,1,2502,8969
24/03/2023,Field_4,Well_17,1550,11,7130,8284
25/03/2023,Field_4,Well_13,4201,9,8419,12740
26/03/2023,Field_4,Well_11,3280,17,3042,9566
27/03/2023,Field_4,Well_2,2088,21,5598,7196
28/03/2023,Field_4,Well_9,4378,10,1118,17375
29/03/2023,Field_4,Well_2,2868,15,1709,19731
30/03/2023,Field_4,Well_9,936,16,4557,5789
31/03/2023,Field_4,Well_9,3328,18,4250,8475
01/04/2023,Field_4,Well_8,2056,17,9061,16345
02/04/2023,Field_4,Well_17,4358,2,9609,14856
03/04/2023,Field_4,Well_1,1804,20,3603,6309
04/04/2023,Field_4,Well_11,2884,15,2101,5864
05/04/2023,Field_4,Well_8,682,5,5421,17055
06/04/2023,Field_4,Well_10,2089,11,8857,10389
07/04/2023,Field_4,Well_7,2087,10,9177,8363
08/04/2023,Field_4,Well_3,1159,14,7082,16716
09/04/2023,Field_4,Well_3,659,14,7658,16978
10/04/2023,Field_4,Well_18,4453,15,3261,13215
11/04/2023,Field_4,Well_5,1511,9,9021,8003
12/04/2023,Field_4,Well_12,552,11,1508,19174
13/04/2023,Field_4,Well_12,2807,12,3379,13502
14/04/2023,Field_4,Well_19,1728,3,9879,18772
15/04/2023,Field_4,Well_6,1535,6,5752,6231
16/04/2023,Field_4,Well_2,4202,21,6495,12959
17/04/2023,Field_4,Well_12,4545,1,4209,16980
18/04/2023,Field_4,Well_19,4949,14,8398,7711
19/04/2023,Field_4,Well_5,1764,7,7743,11581
20/04/2023,Field_4,Well_12,2384,6,6648,12705
21/04/2023,Field_4,Well_17,2309,14,6171,17993
22/04/2023,Field_4,Well_17,3667,22,8890,18647
23/04/2023,Field_4,Well_10,4297,13,1324,5421
24/04/2023,Field_4,Well_17,2841,7,4557,14965
25/04/2023,Field_4,Well_15,3914,11,4587,19656
26/04/2023,Field_4,Well_12,1317,12,1151,16760
27/04/2023,Field_4,Well_16,2937,10,1954,19922
28/04/2023,Field_4,Well_19,1388,16,5354,5946
29/04/2023,Field_4,Well_8,1167,16,8160,14378
30/04/2023,Field_4,Well_17,3124,23,1687,6834
01/05/2023,Field_4,Well_5,4732,3,9501,6564
02/05/2023,Field_4,Well_16,1318,20,4127,12332
03/05/2023,Field_4,Well_6,2688,7,7763,9944
04/05/2023,Field_4,Well_8,1606,4,4395,18877
05/05/2023,Field_4,Well_18,2724,15,1845,18606
06/05/2023,Field_4,Well_12,697,3,2164,19377
07/05/2023,Field_4,Well_15,3171,21,6904,15139
08/05/2023,Field_4,Well_9,3992,14,6360,6308
09/05/2023,Field_4,Well_13,2948,11,1354,7986
10/05/2023,Field_4,Well_15,970,4,2872,5386
11/05/2023,Field_4,Well_10,2448,22,3024,11131
12/05/2023,Field_4,Well_16,4399,15,3817,14353
13/05/2023,Field_4,Well_7,2510,13,4832,8258
14/05/2023,Field_4,Well_17,4300,9,9257,11121
15/05/2023,Field_4,Well_7,4618,6,3581,9811
16/05/2023,Field_4,Well_14,4296,12,3486,11574
17/05/2023,Field_4,Well_15,4488,19,9418,11697
18/05/2023,Field_4,Well_7,734,4,3443,8933
19/05/2023,Field_4,Well_9,1428,2,9919,16039
20/05/2023,Field_4,Well_19,4107,14,2036,17713
21/05/2023,Field_4,Well_16,1022,3,9684,6439
22/05/2023,Field_4,Well_8,4023,14,8435,11169
23/05/2023,Field_4,Well_18,2129,13,2548,16634
24/05/2023,Field_4,Well_18,1816,19,6065,9480
25/05/2023,Field_4,Well_20,3357,18,7496,5055
26/05/2023,Field_4,Well_7,1624,12,7183,8324
27/05/2023,Field_4,Well_3,3087,9,4957,11777
28/05/2023,Field_4,Well_18,1523,20,4407,5105
29/05/2023,Field_4,Well_10,1878,4,1639,8201
30/05/2023,Field_4,Well_7,3874,22,1172,5669
31/05/2023,Field_4,Well_17,2019,19,6666,17663
01/06/2023,Field_4,Well_14,726,19,5354,13934
02/06/2023,Field_4,Well_3,1391,5,4959,5966
03/06/2023,Field_4,Well_12,4572,3,9708,5307
04/06/2023,Field_4,Well_13,2757,1,9714,7138
05/06/2023,Field_4,Well_2,3288,21,3886,16656
06/06/2023,Field_4,Well_3,896,15,3164,18089
07/06/2023,Field_4,Well_5,2578,17,4945,5109
08/06/2023,Field_4,Well_11,4924,4,6235,8632
09/06/2023,Field_4,Well_8,3737,21,8746,18952
10/06/2023,Field_4,Well_12,4393,3,3590,11728
11/06/2023,Field_4,Well_7,2505,12,8754,17627
12/06/2023,Field_4,Well_15,2516,18,5934,10684
13/06/2023,Field_4,Well_17,3671,22,5076,18266
14/06/2023,Field_4,Well_4,3168,1,6185,11499
15/06/2023,Field_4,Well_13,2378,12,2093,6915
16/06/2023,Field_4,Well_18,1696,10,4880,17455
17/06/2023,Field_4,Well_1,2272,21,7559,5556
18/06/2023,Field_4,Well_16,661,3,3785,12619
19/06/2023,Field_4,Well_13,4476,21,7065,18192
20/06/2023,Field_4,Well_10,2251,19,7539,5104
21/06/2023,Field_4,Well_12,1275,19,2574,7047
22/06/2023,Field_4,Well_2,1439,14,6676,19485
23/06/2023,Field_4,Well_3,3720,3,9060,5145
24/06/2023,Field_4,Well_10,1039,8,4990,15955
25/06/2023,Field_4,Well_2,1961,6,6210,5873
26/06/2023,Field_4,Well_13,855,18,5845,5298
27/06/2023,Field_4,Well_13,4104,18,2189,8238
28/06/2023,Field_4,Well_18,3823,5,3689,19024
29/06/2023,Field_4,Well_3,734,5,5095,13837
30/06/2023,Field_4,Well_7,2048,19,2875,17925
01/07/2023,Field_4,Well_14,2596,14,8768,11382
02/07/2023,Field_4,Well_20,4713,14,4406,16270
03/07/2023,Field_4,Well_17,2601,19,4932,7511
04/07/2023,Field_4,Well_12,2173,8,9240,11596
05/07/2023,Field_4,Well_16,2600,3,6408,5783
06/07/2023,Field_4,Well_12,4157,17,4861,9992
07/07/2023,Field_4,Well_15,4096,17,8406,5370
08/07/2023,Field_4,Well_10,4248,4,3833,5486
09/07/2023,Field_4,Well_7,3673,19,6285,12378
10/07/2023,Field_4,Well_20,2315,22,8645,15229
11/07/2023,Field_4,Well_5,4341,10,5777,19500
12/07/2023,Field_4,Well_1,2505,4,3735,8196
13/07/2023,Field_4,Well_17,4993,21,9273,14552
14/07/2023,Field_4,Well_3,1174,3,9278,9287
15/07/2023,Field_4,Well_13,886,11,7368,18017
16/07/2023,Field_4,Well_14,2658,1,1821,7261
17/07/2023,Field_4,Well_18,3161,12,8525,15813
18/07/2023,Field_4,Well_4,2564,9,1162,14148
19/07/2023,Field_4,Well_18,4351,8,8777,13572
20/07/2023,Field_4,Well_5,3753,9,2932,16841
21/07/2023,Field_4,Well_16,4766,6,4535,18085
22/07/2023,Field_4,Well_1,1239,3,6956,5238
23/07/2023,Field_4,Well_14,1901,18,4446,11843
24/07/2023,Field_4,Well_15,3759,9,3790,6105
25/07/2023,Field_4,Well_9,2777,2,3707,6386
26/07/2023,Field_4,Well_15,4404,20,8959,15744
27/07/2023,Field_4,Well_17,4423,18,4933,15441
28/07/2023,Field_4,Well_4,4714,20,4385,14719
29/07/2023,Field_4,Well_12,3727,1,7636,6667
30/07/2023,Field_4,Well_5,3331,19,1922,17324
31/07/2023,Field_4,Well_5,4258,9,9089,7691
01/08/2023,Field_4,Well_11,3012,1,1564,12756
02/08/2023,Field_4,Well_6,2651,1,4258,16864
03/08/2023,Field_4,Well_7,4175,23,3500,6996
04/08/2023,Field_4,Well_14,3245,16,5566,6425
05/08/2023,Field_4,Well_11,4366,15,7881,16004
06/08/2023,Field_4,Well_13,4264,15,4636,13023
07/08/2023,Field_4,Well_2,2722,13,7030,11849
08/08/2023,Field_4,Well_7,3292,6,1223,8247
09/08/2023,Field_4,Well_20,2197,20,7297,7592
10/08/2023,Field_4,Well_4,3962,10,1350,6490
11/08/2023,Field_4,Well_8,4563,23,8314,6224
12/08/2023,Field_4,Well_20,2024,0,2928,7587
13/08/2023,Field_4,Well_19,532,10,8743,12714
14/08/2023,Field_4,Well_13,4525,22,9540,8064
15/08/2023,Field_4,Well_14,3066,20,5732,19310
16/08/2023,Field_4,Well_10,3303,3,2017,12804
17/08/2023,Field_4,Well_11,4396,6,3226,19729
18/08/2023,Field_4,Well_2,4209,14,8206,5832
19/08/2023,Field_4,Well_9,1219,17,8170,17884
20/08/2023,Field_4,Well_17,1472,11,7207,7440
21/08/2023,Field_4,Well_3,4218,16,3419,9795
22/08/2023,Field_4,Well_6,4902,0,7240,6646
23/08/2023,Field_4,Well_5,2707,10,2893,19306
24/08/2023,Field_4,Well_5,4926,0,6322,5440
25/08/2023,Field_4,Well_15,4820,14,8718,10956
26/08/2023,Field_4,Well_17,3530,20,7878,18928
27/08/2023,Field_4,Well_9,4075,9,2125,14721
28/08/2023,Field_4,Well_3,3616,6,4117,16157
29/08/2023,Field_4,Well_20,3785,1,5161,7367
30/08/2023,Field_4,Well_17,1143,9,5042,11696
31/08/2023,Field_4,Well_10,694,23,5433,16478
01/09/2023,Field_4,Well_3,4496,3,9638,10190
02/09/2023,Field_4,Well_18,988,11,3658,9663
03/09/2023,Field_4,Well_18,2704,18,4483,12062
04/09/2023,Field_4,Well_17,3157,10,3944,9331
05/09/2023,Field_4,Well_3,3776,7,8210,14496
06/09/2023,Field_4,Well_3,1602,17,8653,8034
07/09/2023,Field_4,Well_6,1741,10,9787,16880
08/09/2023,Field_4,Well_13,1015,10,2986,17165
09/09/2023,Field_4,Well_15,892,12,2074,14377
10/09/2023,Field_4,Well_9,1130,2,5305,8262
11/09/2023,Field_4,Well_4,4216,11,4007,18320
12/09/2023,Field_4,Well_14,2347,2,1969,7107
13/09/2023,Field_4,Well_5,3155,9,9772,12036
14/09/2023,Field_4,Well_2,1479,16,3824,15032
15/09/2023,Field_4,Well_11,3902,21,2211,9320
16/09/2023,Field_4,Well_9,4371,1,1229,10938
17/09/2023,Field_4,Well_3,777,16,5284,7747
18/09/2023,Field_4,Well_9,732,15,4185,9677
19/09/2023,Field_4,Well_3,2052,1,1501,12972
20/09/2023,Field_4,Well_2,3770,21,1048,9264
21/09/2023,Field_4,Well_12,2909,19,4566,8133
22/09/2023,Field_4,Well_10,4012,5,4055,16612
23/09/2023,Field_4,Well_9,525,9,9880,6465
24/09/2023,Field_4,Well_15,960,9,1386,9109
25/09/2023,Field_4,Well_8,4264,7,1969,7211
26/09/2023,Field_4,Well_5,3931,0,6820,10539
27/09/2023,Field_4,Well_11,3983,12,4052,15996
28/09/2023,Field_4,Well_2,2494,23,8397,19158
29/09/2023,Field_4,Well_15,990,8,3302,14735
30/09/2023,Field_4,Well_6,1572,21,3283,6689
01/10/2023,Field_4,Well_8,3673,9,5366,14763
02/10/2023,Field_4,Well_5,715,14,1122,12727
03/10/2023,Field_4,Well_16,2223,4,7799,12764
04/10/2023,Field_4,Well_18,2092,21,4727,18339
05/10/2023,Field_4,Well_6,3106,15,9450,19019
06/10/2023,Field_4,Well_5,658,12,5958,9541
07/10/2023,Field_4,Well_16,3813,21,1524,16471
08/10/2023,Field_4,Well_13,3341,19,9399,8541
09/10/2023,Field_4,Well_5,2276,17,1148,18003
10/10/2023,Field_4,Well_13,2552,10,9001,16215
11/10/2023,Field_4,Well_17,2795,8,1437,5818
12/10/2023,Field_4,Well_18,2196,15,4749,19439
13/10/2023,Field_4,Well_8,3493,1,9186,9521
14/10/2023,Field_4,Well_13,2969,1,5453,6124
15/10/2023,Field_4,Well_19,2446,11,6336,10660
16/10/2023,Field_4,Well_3,4309,7,5551,19974
17/10/2023,Field_4,Well_8,3283,8,3823,18137
18/10/2023,Field_4,Well_2,4144,11,6728,10641
19/10/2023,Field_4,Well_8,3000,8,9677,6129
20/10/2023,Field_4,Well_13,4145,9,9391,6702
21/10/2023,Field_4,Well_13,3145,1,2982,7001
22/10/2023,Field_4,Well_1,2849,15,7996,11912
23/10/2023,Field_4,Well_6,2432,19,3311,8878
24/10/2023,Field_4,Well_19,3794,6,8225,17564
25/10/2023,Field_4,Well_16,2257,1,1604,12232
26/10/2023,Field_4,Well_8,1616,0,9175,14998
27/10/2023,Field_4,Well_1,3067,18,6785,16139
28/10/2023,Field_4,Well_16,3999,3,5597,11331
29/10/2023,Field_4,Well_9,992,23,8759,11035
30/10/2023,Field_4,Well_13,3806,21,8532,16401
31/10/2023,Field_4,Well_11,1119,1,9740,15344
01/11/2023,Field_4,Well_13,3732,13,1838,17833
02/11/2023,Field_4,Well_10,4323,1,4815,11523
03/11/2023,Field_4,Well_4,2880,14,1847,17397
04/11/2023,Field_4,Well_6,2046,11,5709,13111
05/11/2023,Field_4,Well_7,4063,4,5507,13736
06/11/2023,Field_4,Well_5,2105,19,7575,7401
07/11/2023,Field_4,Well_11,4252,6,5773,18030
08/11/2023,Field_4,Well_13,2390,23,5468,15556
09/11/2023,Field_4,Well_19,1775,20,6192,14481
10/11/2023,Field_4,Well_10,3243,9,4320,16957
11/11/2023,Field_4,Well_10,2993,13,5698,15067
12/11/2023,Field_4,Well_11,856,13,5311,18376
13/11/2023,Field_4,Well_7,1369,4,4673,17620
14/11/2023,Field_4,Well_18,1385,17,2564,18824
15/11/2023,Field_4,Well_4,2501,23,2840,18444
16/11/2023,Field_4,Well_2,1783,13,7058,17879
17/11/2023,Field_4,Well_14,1119,1,8131,13974
18/11/2023,Field_4,Well_13,1382,11,1726,5539
19/11/2023,Field_4,Well_12,1296,21,7697,15974
20/11/2023,Field_4,Well_7,4142,23,1282,18846
21/11/2023,Field_4,Well_2,3925,5,2081,10615
22/11/2023,Field_4,Well_13,1796,3,4885,15860
23/11/2023,Field_4,Well_14,744,12,3881,17906
24/11/2023,Field_4,Well_17,3395,3,3970,17129
25/11/2023,Field_4,Well_9,1429,21,7985,7956
26/11/2023,Field_4,Well_17,1019,13,1947,13077
27/11/2023,Field_4,Well_8,3712,15,5760,8722
28/11/2023,Field_4,Well_2,2909,3,1066,17059
29/11/2023,Field_4,Well_13,507,23,9828,15025
30/11/2023,Field_4,Well_3,3025,0,9505,10087
01/12/2023,Field_4,Well_16,3923,12,1564,15338
02/12/2023,Field_4,Well_6,2519,3,4670,11460
03/12/2023,Field_4,Well_19,4782,19,3251,7170
04/12/2023,Field_4,Well_7,4167,17,1804,8391
05/12/2023,Field_4,Well_10,4171,5,5631,11942
06/12/2023,Field_4,Well_9,3301,2,2235,6616
07/12/2023,Field_4,Well_2,585,22,7720,18806
08/12/2023,Field_4,Well_15,3615,12,7906,19792
09/12/2023,Field_4,Well_5,4732,15,7016,17809
10/12/2023,Field_4,Well_4,2968,4,4549,19855
11/12/2023,Field_4,Well_20,4119,3,8938,14108
12/12/2023,Field_4,Well_4,2136,20,5141,18004
13/12/2023,Field_4,Well_18,4083,7,7966,11458
14/12/2023,Field_4,Well_4,4509,18,6335,7756
15/12/2023,Field_4,Well_17,3826,13,6077,11853
16/12/2023,Field_4,Well_12,2718,6,6611,12709
17/12/2023,Field_4,Well_17,2717,13,9089,6936
18/12/2023,Field_4,Well_10,2869,5,3892,17234
19/12/2023,Field_4,Well_1,4138,11,6577,8091
20/12/2023,Field_4,Well_18,3003,15,4618,17847
21/12/2023,Field_4,Well_18,1443,16,2559,5968
22/12/2023,Field_4,Well_14,3337,12,7683,12297
23/12/2023,Field_4,Well_15,3160,22,2507,16556
24/12/2023,Field_4,Well_12,3436,13,3063,8203
25/12/2023,Field_4,Well_4,4944,6,4642,11499
26/12/2023,Field_4,Well_3,4447,13,3000,10173
27/12/2023,Field_4,Well_20,2176,14,2294,5889
28/12/2023,Field_4,Well_12,1696,11,5065,13984
29/12/2023,Field_4,Well_7,4605,16,9014,16650
30/12/2023,Field_4,Well_11,3287,8,2603,19600
31/12/2023,Field_4,Well_1,1961,21,2322,14173
01/01/2023,Field_5,Well_6,3818,14,6956,12382
02/01/2023,Field_5,Well_15,1166,11,3441,8531
03/01/2023,Field_5,Well_15,2676,1,2098,16721
04/01/2023,Field_5,Well_19,4243,4,6073,5801
05/01/2023,Field_5,Well_11,1100,12,9488,13234
06/01/2023,Field_5,Well_2,3152,19,4787,18897
07/01/2023,Field_5,Well_14,4922,22,3096,8349
08/01/2023,Field_5,Well_2,4324,7,3208,13005
09/01/2023,Field_5,Well_4,4406,13,6988,14969
10/01/2023,Field_5,Well_17,1479,14,1175,8201
11/01/2023,Field_5,Well_3,2951,10,8169,5349
12/01/2023,Field_5,Well_13,1128,0,7014,14759
13/01/2023,Field_5,Well_9,2129,20,2667,14321
14/01/2023,Field_5,Well_7,4196,2,9867,16151
15/01/2023,Field_5,Well_15,3930,16,2823,16979
16/01/2023,Field_5,Well_11,4174,18,6147,19336
17/01/2023,Field_5,Well_20,4429,13,2356,14972
18/01/2023,Field_5,Well_2,3265,21,4072,5583
19/01/2023,Field_5,Well_15,4869,22,4259,17719
20/01/2023,Field_5,Well_14,615,7,7199,8377
21/01/2023,Field_5,Well_20,2503,12,1546,11028
22/01/2023,Field_5,Well_11,1192,19,6231,12694
23/01/2023,Field_5,Well_3,3662,2,8965,11196
24/01/2023,Field_5,Well_17,1605,4,3083,12083
25/01/2023,Field_5,Well_12,3508,8,3040,19855
26/01/2023,Field_5,Well_15,2661,5,5534,8401
27/01/2023,Field_5,Well_16,653,21,2752,18636
28/01/2023,Field_5,Well_5,4199,1,2849,8185
29/01/2023,Field_5,Well_20,4910,12,3642,15386
30/01/2023,Field_5,Well_6,4286,4,2600,19318
31/01/2023,Field_5,Well_19,1564,7,5402,10285
01/02/2023,Field_5,Well_5,4700,22,4799,14354
02/02/2023,Field_5,Well_3,2413,0,1618,11772
03/02/2023,Field_5,Well_1,1716,19,2132,13490
04/02/2023,Field_5,Well_6,2901,11,6491,8347
05/02/2023,Field_5,Well_15,2272,22,6795,15131
06/02/2023,Field_5,Well_2,2460,10,8633,5788
07/02/2023,Field_5,Well_3,3280,6,2487,9945
08/02/2023,Field_5,Well_17,3371,14,8848,19513
09/02/2023,Field_5,Well_12,1160,21,6009,7889
10/02/2023,Field_5,Well_18,3135,23,3113,14569
11/02/2023,Field_5,Well_15,2829,10,2044,10273
12/02/2023,Field_5,Well_12,4454,21,3431,15141
13/02/2023,Field_5,Well_16,2950,15,8979,8272
14/02/2023,Field_5,Well_8,1632,2,2582,14069
15/02/2023,Field_5,Well_14,1199,19,2308,10234
16/02/2023,Field_5,Well_17,2538,13,5917,16934
17/02/2023,Field_5,Well_8,2679,2,9793,14769
18/02/2023,Field_5,Well_15,3338,0,2620,11902
19/02/2023,Field_5,Well_14,1373,20,8503,16331
20/02/2023,Field_5,Well_18,583,14,5766,12612
21/02/2023,Field_5,Well_20,1922,0,6362,7492
22/02/2023,Field_5,Well_7,3175,16,6192,15947
23/02/2023,Field_5,Well_3,3680,1,7622,11745
24/02/2023,Field_5,Well_12,4816,19,7093,18934
25/02/2023,Field_5,Well_3,4475,5,7704,15095
26/02/2023,Field_5,Well_20,1891,7,1100,14574
27/02/2023,Field_5,Well_14,3718,15,7657,9240
28/02/2023,Field_5,Well_15,4707,18,6875,7322
01/03/2023,Field_5,Well_14,1114,0,5271,15748
02/03/2023,Field_5,Well_7,3471,2,1237,10298
03/03/2023,Field_5,Well_17,4065,2,8226,6861
04/03/2023,Field_5,Well_12,4076,4,9032,19142
05/03/2023,Field_5,Well_20,770,11,6218,11620
06/03/2023,Field_5,Well_4,4566,11,5025,15058
07/03/2023,Field_5,Well_9,2968,19,7073,9047
08/03/2023,Field_5,Well_6,1890,12,3542,12581
09/03/2023,Field_5,Well_16,3854,19,2537,12320
10/03/2023,Field_5,Well_2,4635,8,1754,16367
11/03/2023,Field_5,Well_8,4107,6,8396,6098
12/03/2023,Field_5,Well_11,3083,3,8823,10247
13/03/2023,Field_5,Well_13,4573,18,6507,6734
14/03/2023,Field_5,Well_17,3575,21,5235,9663
15/03/2023,Field_5,Well_8,4406,18,1540,10909
16/03/2023,Field_5,Well_18,789,5,6510,8416
17/03/2023,Field_5,Well_18,2980,12,9461,17818
18/03/2023,Field_5,Well_14,3752,10,8926,11302
19/03/2023,Field_5,Well_15,778,12,6131,18849
20/03/2023,Field_5,Well_6,3424,12,9697,12593
21/03/2023,Field_5,Well_11,1080,21,2129,5680
22/03/2023,Field_5,Well_13,753,19,4145,13163
23/03/2023,Field_5,Well_1,4776,14,9553,7070
24/03/2023,Field_5,Well_6,1324,20,4720,18358
25/03/2023,Field_5,Well_9,4332,12,5067,11668
26/03/2023,Field_5,Well_8,1199,21,5195,18016
27/03/2023,Field_5,Well_11,1880,10,8281,13001
28/03/2023,Field_5,Well_19,4396,18,3509,14921
29/03/2023,Field_5,Well_9,2173,7,6016,7191
30/03/2023,Field_5,Well_17,3227,19,7533,13859
31/03/2023,Field_5,Well_12,3656,7,5727,14804
01/04/2023,Field_5,Well_14,3888,9,1681,12586
02/04/2023,Field_5,Well_15,4807,15,4932,13872
03/04/2023,Field_5,Well_16,883,18,6560,14164
04/04/2023,Field_5,Well_20,841,22,5016,7846
05/04/2023,Field_5,Well_1,2487,10,8339,15324
06/04/2023,Field_5,Well_10,4559,12,1719,7463
07/04/2023,Field_5,Well_8,3609,8,1074,11837
08/04/2023,Field_5,Well_18,4582,19,5157,15721
09/04/2023,Field_5,Well_1,3298,23,9511,15695
10/04/2023,Field_5,Well_2,3740,18,3149,9922
11/04/2023,Field_5,Well_1,2488,15,7713,9392
12/04/2023,Field_5,Well_1,3914,6,5207,8183
13/04/2023,Field_5,Well_9,2349,18,8141,17225
14/04/2023,Field_5,Well_13,805,11,9652,18541
15/04/2023,Field_5,Well_1,4113,14,4936,8167
16/04/2023,Field_5,Well_13,3249,22,2075,7997
17/04/2023,Field_5,Well_20,1635,13,4876,11521
18/04/2023,Field_5,Well_7,705,10,5615,8227
19/04/2023,Field_5,Well_2,3950,9,8265,11564
20/04/2023,Field_5,Well_6,4311,10,7379,15344
21/04/2023,Field_5,Well_7,4122,5,5652,14920
22/04/2023,Field_5,Well_14,4099,1,7792,7024
23/04/2023,Field_5,Well_18,3051,10,8456,5329
24/04/2023,Field_5,Well_15,4808,18,5674,7486
25/04/2023,Field_5,Well_2,809,5,1541,6155
26/04/2023,Field_5,Well_10,3208,13,3161,15082
27/04/2023,Field_5,Well_12,2491,19,3251,9477
28/04/2023,Field_5,Well_17,771,5,5569,7185
29/04/2023,Field_5,Well_8,4142,16,3744,12086
30/04/2023,Field_5,Well_11,4586,9,7041,18130
01/05/2023,Field_5,Well_3,2322,0,5675,7317
02/05/2023,Field_5,Well_6,3773,2,2560,8621
03/05/2023,Field_5,Well_9,4849,7,2164,9491
04/05/2023,Field_5,Well_6,1020,7,6419,7511
05/05/2023,Field_5,Well_9,1476,19,3722,12842
06/05/2023,Field_5,Well_7,4222,21,1470,13641
07/05/2023,Field_5,Well_9,4051,14,2468,14546
08/05/2023,Field_5,Well_18,4605,23,8925,12848
09/05/2023,Field_5,Well_12,3273,6,1808,19274
10/05/2023,Field_5,Well_8,3052,10,9363,10404
11/05/2023,Field_5,Well_8,3332,6,7719,10393
12/05/2023,Field_5,Well_18,4407,3,6073,19355
13/05/2023,Field_5,Well_20,652,11,9012,19574
14/05/2023,Field_5,Well_15,3464,5,2645,6293
15/05/2023,Field_5,Well_7,3416,13,9249,7465
16/05/2023,Field_5,Well_11,3300,11,2129,16294
17/05/2023,Field_5,Well_20,2252,10,2353,15041
18/05/2023,Field_5,Well_16,3110,18,1767,8175
19/05/2023,Field_5,Well_4,4375,20,4895,12849
20/05/2023,Field_5,Well_6,1604,4,9874,17473
21/05/2023,Field_5,Well_3,3036,13,4454,16391
22/05/2023,Field_5,Well_9,4699,20,8329,14425
23/05/2023,Field_5,Well_10,4354,23,2790,14629
24/05/2023,Field_5,Well_14,3994,15,1885,16544
25/05/2023,Field_5,Well_11,2414,12,8734,17222
26/05/2023,Field_5,Well_18,3572,21,4906,13444
27/05/2023,Field_5,Well_12,1506,21,5492,13210
28/05/2023,Field_5,Well_12,906,19,3073,7759
29/05/2023,Field_5,Well_13,666,21,1312,10255
30/05/2023,Field_5,Well_13,1008,3,7269,13414
31/05/2023,Field_5,Well_19,2161,10,6317,5002
01/06/2023,Field_5,Well_19,4164,16,1810,13130
02/06/2023,Field_5,Well_14,3989,6,7841,6259
03/06/2023,Field_5,Well_4,1180,13,3032,13190
04/06/2023,Field_5,Well_13,3024,10,8129,18141
05/06/2023,Field_5,Well_8,2620,21,3705,18776
06/06/2023,Field_5,Well_19,4857,8,9788,9323
07/06/2023,Field_5,Well_12,1863,22,3147,10773
08/06/2023,Field_5,Well_18,1831,12,1615,17786
09/06/2023,Field_5,Well_6,2792,22,1947,7568
10/06/2023,Field_5,Well_18,2038,17,6677,6885
11/06/2023,Field_5,Well_19,3908,10,5651,12060
12/06/2023,Field_5,Well_5,1060,14,8866,12844
13/06/2023,Field_5,Well_9,1599,21,3013,11111
14/06/2023,Field_5,Well_3,2403,18,4697,18450
15/06/2023,Field_5,Well_10,674,0,1490,14491
16/06/2023,Field_5,Well_19,2656,3,5350,7338
17/06/2023,Field_5,Well_3,2730,13,3428,14268
18/06/2023,Field_5,Well_15,4787,13,5987,8758
19/06/2023,Field_5,Well_1,4660,2,9733,16373
20/06/2023,Field_5,Well_7,4420,16,5920,9810
21/06/2023,Field_5,Well_12,1997,2,3926,14139
22/06/2023,Field_5,Well_17,4354,15,8282,11791
23/06/2023,Field_5,Well_20,3671,13,5376,12171
24/06/2023,Field_5,Well_5,2067,19,5868,16930
25/06/2023,Field_5,Well_4,1651,12,7986,7731
26/06/2023,Field_5,Well_12,868,14,7862,17199
27/06/2023,Field_5,Well_20,542,13,5423,5869
28/06/2023,Field_5,Well_18,2407,23,7870,10166
29/06/2023,Field_5,Well_17,3990,18,9159,5093
30/06/2023,Field_5,Well_19,3035,5,3073,7987
01/07/2023,Field_5,Well_9,4673,9,7170,17847
02/07/2023,Field_5,Well_4,3373,14,1701,14967
03/07/2023,Field_5,Well_2,2324,20,9113,15452
04/07/2023,Field_5,Well_4,1793,21,7825,13627
05/07/2023,Field_5,Well_2,3886,19,8867,9947
06/07/2023,Field_5,Well_15,3472,5,5264,11651
07/07/2023,Field_5,Well_2,4422,22,8968,11979
08/07/2023,Field_5,Well_4,1492,9,9146,11794
09/07/2023,Field_5,Well_6,2886,6,8776,17492
10/07/2023,Field_5,Well_7,2740,21,9558,11524
11/07/2023,Field_5,Well_10,1976,16,9719,8144
12/07/2023,Field_5,Well_19,3907,17,5886,8587
13/07/2023,Field_5,Well_19,889,16,4935,18387
14/07/2023,Field_5,Well_12,1499,8,5619,5076
15/07/2023,Field_5,Well_3,2355,9,6191,14007
16/07/2023,Field_5,Well_13,1158,9,7875,13959
17/07/2023,Field_5,Well_18,3263,6,8856,11553
18/07/2023,Field_5,Well_8,4163,15,6401,16877
19/07/2023,Field_5,Well_15,1981,17,4022,13297
20/07/2023,Field_5,Well_1,4231,5,6738,17108
21/07/2023,Field_5,Well_3,951,19,6984,11694
22/07/2023,Field_5,Well_8,2975,0,2770,7873
23/07/2023,Field_5,Well_4,3722,0,9989,8346
24/07/2023,Field_5,Well_16,2037,11,4215,19423
25/07/2023,Field_5,Well_10,3593,20,7694,19034
26/07/2023,Field_5,Well_12,1382,1,3976,12024
27/07/2023,Field_5,Well_14,4908,3,4737,8148
28/07/2023,Field_5,Well_14,4568,16,1752,16340
29/07/2023,Field_5,Well_2,3066,3,2392,14657
30/07/2023,Field_5,Well_5,3777,10,7789,15779
31/07/2023,Field_5,Well_5,874,21,1677,5244
01/08/2023,Field_5,Well_6,4197,3,1105,7625
02/08/2023,Field_5,Well_13,3562,0,5753,8849
03/08/2023,Field_5,Well_9,3750,6,2946,14597
04/08/2023,Field_5,Well_15,612,17,6544,14173
05/08/2023,Field_5,Well_14,3697,8,2095,12737
06/08/2023,Field_5,Well_7,2878,2,7985,19024
07/08/2023,Field_5,Well_20,2424,7,2782,17000
08/08/2023,Field_5,Well_2,639,23,5541,13333
09/08/2023,Field_5,Well_7,1924,18,4257,5892
10/08/2023,Field_5,Well_6,3449,3,7213,10487
11/08/2023,Field_5,Well_17,3668,17,5869,12251
12/08/2023,Field_5,Well_2,1016,19,2561,12310
13/08/2023,Field_5,Well_3,3116,10,5006,7399
14/08/2023,Field_5,Well_5,1387,13,4981,9640
15/08/2023,Field_5,Well_5,3604,17,6682,7960
16/08/2023,Field_5,Well_1,549,15,6782,15391
17/08/2023,Field_5,Well_8,4451,2,1943,12325
18/08/2023,Field_5,Well_12,4060,14,5550,6469
19/08/2023,Field_5,Well_4,518,3,1600,15892
20/08/2023,Field_5,Well_13,1973,4,7376,16197
21/08/2023,Field_5,Well_15,4561,16,2524,18050
22/08/2023,Field_5,Well_11,3106,6,4766,8374
23/08/2023,Field_5,Well_10,951,15,1250,17911
24/08/2023,Field_5,Well_3,4265,13,1078,13847
25/08/2023,Field_5,Well_14,2938,15,4123,19785
26/08/2023,Field_5,Well_16,4810,6,8064,15960
27/08/2023,Field_5,Well_10,2049,8,9417,18535
28/08/2023,Field_5,Well_10,3974,3,2209,13234
29/08/2023,Field_5,Well_12,627,21,6153,15503
30/08/2023,Field_5,Well_9,3261,10,5898,12923
31/08/2023,Field_5,Well_1,4956,1,3178,10122
01/09/2023,Field_5,Well_5,1915,11,8610,14852
02/09/2023,Field_5,Well_20,701,11,9895,10387
03/09/2023,Field_5,Well_8,2869,3,3544,17883
04/09/2023,Field_5,Well_11,1017,17,6522,12631
05/09/2023,Field_5,Well_12,1841,20,3370,12226
06/09/2023,Field_5,Well_1,2488,6,4281,10108
07/09/2023,Field_5,Well_20,4045,0,5710,7224
08/09/2023,Field_5,Well_11,4302,22,1328,7110
09/09/2023,Field_5,Well_5,3775,12,6579,5957
10/09/2023,Field_5,Well_15,4154,5,5228,12146
11/09/2023,Field_5,Well_5,2934,5,7794,5560
12/09/2023,Field_5,Well_12,707,11,1120,14522
13/09/2023,Field_5,Well_5,3133,7,7749,12413
14/09/2023,Field_5,Well_17,4617,23,1964,6312
15/09/2023,Field_5,Well_17,653,21,5224,6821
16/09/2023,Field_5,Well_12,3866,18,4675,16194
17/09/2023,Field_5,Well_15,4814,4,6694,16595
18/09/2023,Field_5,Well_15,2018,17,3076,10646
19/09/2023,Field_5,Well_6,3100,4,7865,9945
20/09/2023,Field_5,Well_12,2695,9,6643,10374
21/09/2023,Field_5,Well_20,4998,0,9524,7651
22/09/2023,Field_5,Well_18,4054,9,6249,18821
23/09/2023,Field_5,Well_14,2914,4,2316,15006
24/09/2023,Field_5,Well_2,3349,11,2196,14933
25/09/2023,Field_5,Well_9,2242,21,4170,9701
26/09/2023,Field_5,Well_5,1806,6,1355,17000
27/09/2023,Field_5,Well_20,4349,8,1028,7877
28/09/2023,Field_5,Well_1,4668,21,2013,10582
29/09/2023,Field_5,Well_3,4695,20,3024,16462
30/09/2023,Field_5,Well_6,3055,11,9490,10390
01/10/2023,Field_5,Well_5,2805,22,6839,9083
02/10/2023,Field_5,Well_5,1588,0,6791,5745
03/10/2023,Field_5,Well_1,3142,10,1754,13749
04/10/2023,Field_5,Well_17,1677,20,9961,19399
05/10/2023,Field_5,Well_19,3494,14,4735,16493
06/10/2023,Field_5,Well_14,1059,1,2238,5941
07/10/2023,Field_5,Well_12,3464,19,2906,9023
08/10/2023,Field_5,Well_10,1771,6,8399,7296
09/10/2023,Field_5,Well_20,2313,20,8961,18557
10/10/2023,Field_5,Well_18,3415,11,5601,5939
11/10/2023,Field_5,Well_11,1109,21,2460,6610
12/10/2023,Field_5,Well_2,2961,17,8669,11300
13/10/2023,Field_5,Well_18,4620,2,2416,6725
14/10/2023,Field_5,Well_7,783,6,8766,14176
15/10/2023,Field_5,Well_15,3428,10,2428,14779
16/10/2023,Field_5,Well_11,4896,17,5378,17213
17/10/2023,Field_5,Well_18,1591,11,8529,14528
18/10/2023,Field_5,Well_12,1316,5,5474,19162
19/10/2023,Field_5,Well_6,582,4,4071,16329
20/10/2023,Field_5,Well_20,2420,0,1555,13853
21/10/2023,Field_5,Well_13,3991,11,9547,12187
22/10/2023,Field_5,Well_20,3644,10,2563,5032
23/10/2023,Field_5,Well_16,2593,3,2040,19104
24/10/2023,Field_5,Well_18,675,17,3686,19893
25/10/2023,Field_5,Well_10,3204,3,3553,19408
26/10/2023,Field_5,Well_8,869,16,2779,10985
27/10/2023,Field_5,Well_18,2318,1,1075,8414
28/10/2023,Field_5,Well_1,2601,23,5326,6156
29/10/2023,Field_5,Well_8,3990,21,6835,8126
30/10/2023,Field_5,Well_6,2279,1,6057,13252
31/10/2023,Field_5,Well_5,1864,11,3349,17120
01/11/2023,Field_5,Well_15,4962,5,3773,6543
02/11/2023,Field_5,Well_15,3842,9,3262,5271
03/11/2023,Field_5,Well_2,4176,22,4229,19581
04/11/2023,Field_5,Well_1,2926,20,1392,10295
05/11/2023,Field_5,Well_11,572,22,2108,9076
06/11/2023,Field_5,Well_10,3462,15,5362,19963
07/11/2023,Field_5,Well_18,1359,13,6188,16580
08/11/2023,Field_5,Well_18,4356,6,9802,10902
09/11/2023,Field_5,Well_17,4638,18,6057,15944
10/11/2023,Field_5,Well_8,2924,22,4998,7709
11/11/2023,Field_5,Well_15,1564,16,9864,14346
12/11/2023,Field_5,Well_8,2717,8,7566,10221
13/11/2023,Field_5,Well_17,4517,12,4677,17597
14/11/2023,Field_5,Well_12,2759,21,6796,17045
15/11/2023,Field_5,Well_8,4251,4,7363,18603
16/11/2023,Field_5,Well_14,2586,22,9123,14937
17/11/2023,Field_5,Well_4,868,4,9222,19830
18/11/2023,Field_5,Well_1,3304,9,8690,16624
19/11/2023,Field_5,Well_1,650,20,2400,13529
20/11/2023,Field_5,Well_19,1634,9,5071,11722
21/11/2023,Field_5,Well_16,3284,6,9808,13201
22/11/2023,Field_5,Well_14,4664,14,3786,9144
23/11/2023,Field_5,Well_16,2846,6,8169,10606
24/11/2023,Field_5,Well_5,2750,14,1870,11766
25/11/2023,Field_5,Well_9,560,2,5196,18632
26/11/2023,Field_5,Well_2,3510,18,3739,5730
27/11/2023,Field_5,Well_18,4401,9,1940,9890
28/11/2023,Field_5,Well_6,1837,14,1340,6648
29/11/2023,Field_5,Well_9,1684,2,8422,9228
30/11/2023,Field_5,Well_1,4926,5,5133,16846
01/12/2023,Field_5,Well_9,2051,11,1659,7130
02/12/2023,Field_5,Well_16,4933,14,4457,19392
03/12/2023,Field_5,Well_13,2129,5,3975,17663
04/12/2023,Field_5,Well_9,1827,12,1453,15588
05/12/2023,Field_5,Well_13,2026,18,9184,9366
06/12/2023,Field_5,Well_9,2173,2,6442,6506
07/12/2023,Field_5,Well_11,1861,7,1818,7158
08/12/2023,Field_5,Well_4,2073,7,5868,7916
09/12/2023,Field_5,Well_2,3186,22,1012,17363
10/12/2023,Field_5,Well_6,4870,19,8727,8229
11/12/2023,Field_5,Well_14,2866,14,1920,16795
12/12/2023,Field_5,Well_4,4257,3,5920,19244
13/12/2023,Field_5,Well_6,2934,18,3418,14858
14/12/2023,Field_5,Well_19,2493,20,7475,17616
15/12/2023,Field_5,Well_6,1369,2,3017,11265
16/12/2023,Field_5,Well_2,1514,12,8957,9136
17/12/2023,Field_5,Well_18,2411,7,5792,18478
18/12/2023,Field_5,Well_13,1102,22,7830,16161
19/12/2023,Field_5,Well_9,4321,15,3434,7689
20/12/2023,Field_5,Well_19,1190,12,3868,12190
21/12/2023,Field_5,Well_13,993,2,2438,15518
22/12/2023,Field_5,Well_11,989,15,4543,7810
23/12/2023,Field_5,Well_1,3056,8,2781,15708
24/12/2023,Field_5,Well_7,4985,13,7343,16663
25/12/2023,Field_5,Well_15,794,12,3263,11152
26/12/2023,Field_5,Well_1,4527,20,1211,5012
27/12/2023,Field_5,Well_12,3343,6,9699,18211
28/12/2023,Field_5,Well_7,3412,14,7159,16162
29/12/2023,Field_5,Well_15,2217,6,8027,10938
30/12/2023,Field_5,Well_19,3096,5,1331,12999
31/12/2023,Field_5,Well_1,2373,1,7860,12219
